student,exam
2025310001,OOP
2025310001,LINUX
2025310001,LINALG
2025310001,MANAL1
2025310001,STAT
2025310001,ENG2
2025310002,OOP
2025310002,LINUX
2025310002,LINALG
2025310002,MANAL1
2025310002,STAT
2025310002,ENG2
2025310003,OOP
2025310003,LINUX
2025310003,LINALG
2025310003,MANAL1
2025310003,STAT
2025310003,ENG2
2025310004,OOP
2025310004,LINUX
2025310004,LINALG
2025310004,MANAL1
2025310004,STAT
2025310004,ENG2
2025310005,OOP
2025310005,LINUX
2025310005,LINALG
2025310005,MANAL1
2025310005,STAT
2025310005,ENG2
2025310006,OOP
2025310006,LINUX
2025310006,LINALG
2025310006,MANAL1
2025310006,STAT
2025310006,ENG2
2025310007,OOP
2025310007,LINUX
2025310007,LINALG
2025310007,MANAL1
2025310007,STAT
2025310007,ENG2
2025310008,OOP
2025310008,LINUX
2025310008,LINALG
2025310008,MANAL1
2025310008,STAT
2025310008,ENG2
2025310009,OOP
2025310009,LINUX
2025310009,LINALG
2025310009,MANAL1
2025310009,STAT
2025310009,ENG2
2025310010,OOP
2025310010,LINUX
2025310010,LINALG
2025310010,MANAL1
2025310010,STAT
2025310010,ENG2
2025310011,OOP
2025310011,LINUX
2025310011,LINALG
2025310011,MANAL1
2025310011,STAT
2025310011,ENG2
2025310012,OOP
2025310012,LINUX
2025310012,LINALG
2025310012,MANAL1
2025310012,STAT
2025310012,ENG2
2025310013,OOP
2025310013,LINUX
2025310013,LINALG
2025310013,MANAL1
2025310013,STAT
2025310013,ENG2
2025310014,OOP
2025310014,LINUX
2025310014,LINALG
2025310014,MANAL1
2025310014,STAT
2025310014,ENG2
2025310015,OOP
2025310015,LINUX
2025310015,LINALG
2025310015,MANAL1
2025310015,STAT
2025310015,ENG2
2025310016,OOP
2025310016,LINUX
2025310016,LINALG
2025310016,MANAL1
2025310016,STAT
2025310016,ENG2
2025310017,OOP
2025310017,LINUX
2025310017,LINALG
2025310017,MANAL1
2025310017,STAT
2025310017,ENG2
2025310018,OOP
2025310018,LINUX
2025310018,LINALG
2025310018,MANAL1
2025310018,STAT
2025310018,ENG2
2025310019,OOP
2025310019,LINUX
2025310019,LINALG
2025310019,MANAL1
2025310019,STAT
2025310019,ENG2
2025310020,OOP
2025310020,LINUX
2025310020,LINALG
2025310020,MANAL1
2025310020,STAT
2025310020,ENG2
2025310021,OOP
2025310021,LINUX
2025310021,LINALG
2025310021,MANAL1
2025310021,STAT
2025310021,ENG2
2025310022,OOP
2025310022,LINUX
2025310022,LINALG
2025310022,MANAL1
2025310022,STAT
2025310022,ENG2
2025310023,OOP
2025310023,LINUX
2025310023,LINALG
2025310023,MANAL1
2025310023,STAT
2025310023,ENG2
2025310024,OOP
2025310024,LINUX
2025310024,LINALG
2025310024,MANAL1
2025310024,STAT
2025310024,ENG2
2025310025,OOP
2025310025,LINUX
2025310025,LINALG
2025310025,MANAL1
2025310025,STAT
2025310025,ENG2
2025310026,OOP
2025310026,LINUX
2025310026,LINALG
2025310026,MANAL1
2025310026,STAT
2025310026,ENG2
2025310027,OOP
2025310027,LINUX
2025310027,LINALG
2025310027,MANAL1
2025310027,STAT
2025310027,ENG2
2025310028,OOP
2025310028,LINUX
2025310028,LINALG
2025310028,MANAL1
2025310028,STAT
2025310028,ENG2
2025310029,OOP
2025310029,LINUX
2025310029,LINALG
2025310029,MANAL1
2025310029,STAT
2025310029,ENG2
2025310030,OOP
2025310030,LINUX
2025310030,LINALG
2025310030,MANAL1
2025310030,STAT
2025310030,ENG2
2025310031,OOP
2025310031,LINUX
2025310031,LINALG
2025310031,MANAL1
2025310031,STAT
2025310031,ENG2
2025310032,OOP
2025310032,LINUX
2025310032,LINALG
2025310032,MANAL1
2025310032,STAT
2025310032,ENG2
2025310033,OOP
2025310033,LINUX
2025310033,LINALG
2025310033,MANAL1
2025310033,STAT
2025310033,ENG2
2025310034,OOP
2025310034,LINUX
2025310034,LINALG
2025310034,MANAL1
2025310034,STAT
2025310034,ENG2
2025310035,OOP
2025310035,LINUX
2025310035,LINALG
2025310035,MANAL1
2025310035,STAT
2025310035,ENG2
2025310036,OOP
2025310036,LINUX
2025310036,LINALG
2025310036,MANAL1
2025310036,STAT
2025310036,ENG2
2025310037,OOP
2025310037,LINUX
2025310037,LINALG
2025310037,MANAL1
2025310037,STAT
2025310037,ENG2
2025310038,OOP
2025310038,LINUX
2025310038,LINALG
2025310038,MANAL1
2025310038,STAT
2025310038,ENG2
2025310039,OOP
2025310039,LINUX
2025310039,LINALG
2025310039,MANAL1
2025310039,STAT
2025310039,ENG2
2025310040,OOP
2025310040,LINUX
2025310040,LINALG
2025310040,MANAL1
2025310040,STAT
2025310040,ENG2
2025310041,OOP
2025310041,LINUX
2025310041,LINALG
2025310041,MANAL1
2025310041,STAT
2025310041,ENG2
2025310042,OOP
2025310042,LINUX
2025310042,LINALG
2025310042,MANAL1
2025310042,STAT
2025310042,ENG2
2025310043,OOP
2025310043,LINUX
2025310043,LINALG
2025310043,MANAL1
2025310043,STAT
2025310043,ENG2
2025310044,OOP
2025310044,LINUX
2025310044,LINALG
2025310044,MANAL1
2025310044,STAT
2025310044,ENG2
2025310045,OOP
2025310045,LINUX
2025310045,LINALG
2025310045,MANAL1
2025310045,STAT
2025310045,ENG2
2025310046,OOP
2025310046,LINUX
2025310046,LINALG
2025310046,MANAL1
2025310046,STAT
2025310046,ENG2
2025310047,OOP
2025310047,LINUX
2025310047,LINALG
2025310047,MANAL1
2025310047,STAT
2025310047,ENG2
2025310048,OOP
2025310048,LINUX
2025310048,LINALG
2025310048,MANAL1
2025310048,STAT
2025310048,ENG2
2025310049,OOP
2025310049,LINUX
2025310049,LINALG
2025310049,MANAL1
2025310049,STAT
2025310049,ENG2
2025310050,OOP
2025310050,LINUX
2025310050,LINALG
2025310050,MANAL1
2025310050,STAT
2025310050,ENG2
2025310051,OOP
2025310051,LINUX
2025310051,LINALG
2025310051,MANAL1
2025310051,STAT
2025310051,ENG2
2025310052,OOP
2025310052,LINUX
2025310052,LINALG
2025310052,MANAL1
2025310052,STAT
2025310052,ENG2
2025310053,OOP
2025310053,LINUX
2025310053,LINALG
2025310053,MANAL1
2025310053,STAT
2025310053,ENG2
2025310054,OOP
2025310054,LINUX
2025310054,LINALG
2025310054,MANAL1
2025310054,STAT
2025310054,ENG2
2025310055,OOP
2025310055,LINUX
2025310055,LINALG
2025310055,MANAL1
2025310055,STAT
2025310055,ENG2
2025310056,OOP
2025310056,LINUX
2025310056,LINALG
2025310056,MANAL1
2025310056,STAT
2025310056,ENG2
2025310057,OOP
2025310057,LINUX
2025310057,LINALG
2025310057,MANAL1
2025310057,STAT
2025310057,ENG2
2025310058,OOP
2025310058,LINUX
2025310058,LINALG
2025310058,MANAL1
2025310058,STAT
2025310058,ENG2
2025310059,OOP
2025310059,LINUX
2025310059,LINALG
2025310059,MANAL1
2025310059,STAT
2025310059,ENG2
2025310060,OOP
2025310060,LINUX
2025310060,LINALG
2025310060,MANAL1
2025310060,STAT
2025310060,ENG2
2025310061,OOP
2025310061,LINUX
2025310061,LINALG
2025310061,MANAL1
2025310061,STAT
2025310061,ENG2
2025310062,OOP
2025310062,LINUX
2025310062,LINALG
2025310062,MANAL1
2025310062,STAT
2025310062,ENG2
2025310063,OOP
2025310063,LINUX
2025310063,LINALG
2025310063,MANAL1
2025310063,STAT
2025310063,ENG2
2025310064,OOP
2025310064,LINUX
2025310064,LINALG
2025310064,MANAL1
2025310064,STAT
2025310064,ENG2
2025310065,OOP
2025310065,LINUX
2025310065,LINALG
2025310065,MANAL1
2025310065,STAT
2025310065,ENG2
2025310066,OOP
2025310066,LINUX
2025310066,LINALG
2025310066,MANAL1
2025310066,STAT
2025310066,ENG2
2025310067,OOP
2025310067,LINUX
2025310067,LINALG
2025310067,MANAL1
2025310067,STAT
2025310067,ENG2
2025310068,OOP
2025310068,LINUX
2025310068,LINALG
2025310068,MANAL1
2025310068,STAT
2025310068,ENG2
2025310069,OOP
2025310069,LINUX
2025310069,LINALG
2025310069,MANAL1
2025310069,STAT
2025310069,ENG2
2025310070,OOP
2025310070,LINUX
2025310070,LINALG
2025310070,MANAL1
2025310070,STAT
2025310070,ENG2
2025310071,OOP
2025310071,LINUX
2025310071,LINALG
2025310071,MANAL1
2025310071,STAT
2025310071,ENG2
2025310072,OOP
2025310072,LINUX
2025310072,LINALG
2025310072,MANAL1
2025310072,STAT
2025310072,ENG2
2025310073,OOP
2025310073,LINUX
2025310073,LINALG
2025310073,MANAL1
2025310073,STAT
2025310073,ENG2
2025310074,OOP
2025310074,LINUX
2025310074,LINALG
2025310074,MANAL1
2025310074,STAT
2025310074,ENG2
2025310075,OOP
2025310075,LINUX
2025310075,LINALG
2025310075,MANAL1
2025310075,STAT
2025310075,ENG2
2025310076,OOP
2025310076,LINUX
2025310076,LINALG
2025310076,MANAL1
2025310076,STAT
2025310076,ENG2
2025310077,OOP
2025310077,LINUX
2025310077,LINALG
2025310077,MANAL1
2025310077,STAT
2025310077,ENG2
2025310078,OOP
2025310078,LINUX
2025310078,LINALG
2025310078,MANAL1
2025310078,STAT
2025310078,ENG2
2025310079,OOP
2025310079,LINUX
2025310079,LINALG
2025310079,MANAL1
2025310079,STAT
2025310079,ENG2
2025310080,OOP
2025310080,LINUX
2025310080,LINALG
2025310080,MANAL1
2025310080,STAT
2025310080,ENG2
2025310081,OOP
2025310081,LINUX
2025310081,LINALG
2025310081,MANAL1
2025310081,STAT
2025310081,ENG2
2025310082,OOP
2025310082,LINUX
2025310082,LINALG
2025310082,MANAL1
2025310082,STAT
2025310082,ENG2
2025310083,OOP
2025310083,LINUX
2025310083,LINALG
2025310083,MANAL1
2025310083,STAT
2025310083,ENG2
2025310084,OOP
2025310084,LINUX
2025310084,LINALG
2025310084,MANAL1
2025310084,STAT
2025310084,ENG2
2025310085,OOP
2025310085,LINUX
2025310085,LINALG
2025310085,MANAL1
2025310085,STAT
2025310085,ENG2
2025310086,OOP
2025310086,LINUX
2025310086,LINALG
2025310086,MANAL1
2025310086,STAT
2025310086,ENG2
2025310087,OOP
2025310087,LINUX
2025310087,LINALG
2025310087,MANAL1
2025310087,STAT
2025310087,ENG2
2025310088,OOP
2025310088,LINUX
2025310088,LINALG
2025310088,MANAL1
2025310088,STAT
2025310088,ENG2
2025310089,OOP
2025310089,LINUX
2025310089,LINALG
2025310089,MANAL1
2025310089,STAT
2025310089,ENG2
2025310090,OOP
2025310090,LINUX
2025310090,LINALG
2025310090,MANAL1
2025310090,STAT
2025310090,ENG2
2025310091,OOP
2025310091,LINUX
2025310091,LINALG
2025310091,MANAL1
2025310091,STAT
2025310091,ENG2
2025310092,OOP
2025310092,LINUX
2025310092,LINALG
2025310092,MANAL1
2025310092,STAT
2025310092,ENG2
2025310093,OOP
2025310093,LINUX
2025310093,LINALG
2025310093,MANAL1
2025310093,STAT
2025310093,ENG2
2025310094,OOP
2025310094,LINUX
2025310094,LINALG
2025310094,MANAL1
2025310094,STAT
2025310094,ENG2
2025310095,OOP
2025310095,LINUX
2025310095,LINALG
2025310095,MANAL1
2025310095,STAT
2025310095,ENG2
2025310096,OOP
2025310096,LINUX
2025310096,LINALG
2025310096,MANAL1
2025310096,STAT
2025310096,ENG2
2025310097,OOP
2025310097,LINUX
2025310097,LINALG
2025310097,MANAL1
2025310097,STAT
2025310097,ENG2
2025310098,OOP
2025310098,LINUX
2025310098,LINALG
2025310098,MANAL1
2025310098,STAT
2025310098,ENG2
2025310099,OOP
2025310099,LINUX
2025310099,LINALG
2025310099,MANAL1
2025310099,STAT
2025310099,ENG2
2025310100,OOP
2025310100,LINUX
2025310100,LINALG
2025310100,MANAL1
2025310100,STAT
2025310100,ENG2
2025310101,OOP
2025310101,LINUX
2025310101,LINALG
2025310101,MANAL1
2025310101,STAT
2025310101,ENG2
2025310102,OOP
2025310102,LINUX
2025310102,LINALG
2025310102,MANAL1
2025310102,STAT
2025310102,ENG2
2025310103,OOP
2025310103,LINUX
2025310103,LINALG
2025310103,MANAL1
2025310103,STAT
2025310103,ENG2
2025310104,OOP
2025310104,LINUX
2025310104,LINALG
2025310104,MANAL1
2025310104,STAT
2025310104,ENG2
2025310105,OOP
2025310105,LINUX
2025310105,LINALG
2025310105,MANAL1
2025310105,STAT
2025310105,ENG2
2025310106,OOP
2025310106,LINUX
2025310106,LINALG
2025310106,MANAL1
2025310106,STAT
2025310106,ENG2
2025310107,OOP
2025310107,LINUX
2025310107,LINALG
2025310107,MANAL1
2025310107,STAT
2025310107,ENG2
2025310108,OOP
2025310108,LINUX
2025310108,LINALG
2025310108,MANAL1
2025310108,STAT
2025310108,ENG2
2025310109,OOP
2025310109,LINUX
2025310109,LINALG
2025310109,MANAL1
2025310109,STAT
2025310109,ENG2
2025310110,OOP
2025310110,LINUX
2025310110,LINALG
2025310110,MANAL1
2025310110,STAT
2025310110,ENG2
2025310111,OOP
2025310111,LINUX
2025310111,LINALG
2025310111,MANAL1
2025310111,STAT
2025310111,ENG2
2025310112,OOP
2025310112,LINUX
2025310112,LINALG
2025310112,MANAL1
2025310112,STAT
2025310112,ENG2
2025310113,OOP
2025310113,LINUX
2025310113,LINALG
2025310113,MANAL1
2025310113,STAT
2025310113,ENG2
2025310114,OOP
2025310114,LINUX
2025310114,LINALG
2025310114,MANAL1
2025310114,STAT
2025310114,ENG2
2025310115,OOP
2025310115,LINUX
2025310115,LINALG
2025310115,MANAL1
2025310115,STAT
2025310115,ENG2
2025310116,OOP
2025310116,LINUX
2025310116,LINALG
2025310116,MANAL1
2025310116,STAT
2025310116,ENG2
2025310117,OOP
2025310117,LINUX
2025310117,LINALG
2025310117,MANAL1
2025310117,STAT
2025310117,ENG2
2025310118,OOP
2025310118,LINUX
2025310118,LINALG
2025310118,MANAL1
2025310118,STAT
2025310118,ENG2
2025310119,OOP
2025310119,LINUX
2025310119,LINALG
2025310119,MANAL1
2025310119,STAT
2025310119,ENG2
2025310120,OOP
2025310120,LINUX
2025310120,LINALG
2025310120,MANAL1
2025310120,STAT
2025310120,ENG2
2025310121,OOP
2025310121,LINUX
2025310121,LINALG
2025310121,MANAL1
2025310121,STAT
2025310121,ENG2
2025310122,OOP
2025310122,LINUX
2025310122,LINALG
2025310122,MANAL1
2025310122,STAT
2025310122,ENG2
2025310123,OOP
2025310123,LINUX
2025310123,LINALG
2025310123,MANAL1
2025310123,STAT
2025310123,ENG2
2025310124,OOP
2025310124,LINUX
2025310124,LINALG
2025310124,MANAL1
2025310124,STAT
2025310124,ENG2
2025310125,OOP
2025310125,LINUX
2025310125,LINALG
2025310125,MANAL1
2025310125,STAT
2025310125,ENG2
2025310126,OOP
2025310126,LINUX
2025310126,LINALG
2025310126,MANAL1
2025310126,STAT
2025310126,ENG2
2025310127,OOP
2025310127,LINUX
2025310127,LINALG
2025310127,MANAL1
2025310127,STAT
2025310127,ENG2
2025310128,OOP
2025310128,LINUX
2025310128,LINALG
2025310128,MANAL1
2025310128,STAT
2025310128,ENG2
2025310129,OOP
2025310129,LINUX
2025310129,LINALG
2025310129,MANAL1
2025310129,STAT
2025310129,ENG2
2025310130,OOP
2025310130,LINUX
2025310130,LINALG
2025310130,MANAL1
2025310130,STAT
2025310130,ENG2
2025310131,OOP
2025310131,LINUX
2025310131,LINALG
2025310131,MANAL1
2025310131,STAT
2025310131,ENG2
2025310132,OOP
2025310132,LINUX
2025310132,LINALG
2025310132,MANAL1
2025310132,STAT
2025310132,ENG2
2025310133,OOP
2025310133,LINUX
2025310133,LINALG
2025310133,MANAL1
2025310133,STAT
2025310133,ENG2
2025310134,OOP
2025310134,LINUX
2025310134,LINALG
2025310134,MANAL1
2025310134,STAT
2025310134,ENG2
2025310135,OOP
2025310135,LINUX
2025310135,LINALG
2025310135,MANAL1
2025310135,STAT
2025310135,ENG2
2025310136,OOP
2025310136,LINUX
2025310136,LINALG
2025310136,MANAL1
2025310136,STAT
2025310136,ENG2
2025310137,OOP
2025310137,LINUX
2025310137,LINALG
2025310137,MANAL1
2025310137,STAT
2025310137,ENG2
2025310138,OOP
2025310138,LINUX
2025310138,LINALG
2025310138,MANAL1
2025310138,STAT
2025310138,ENG2
2025310139,OOP
2025310139,LINUX
2025310139,LINALG
2025310139,MANAL1
2025310139,STAT
2025310139,ENG2
2025310140,OOP
2025310140,LINUX
2025310140,LINALG
2025310140,MANAL1
2025310140,STAT
2025310140,ENG2
2025310141,OOP
2025310141,LINUX
2025310141,LINALG
2025310141,MANAL1
2025310141,STAT
2025310141,ENG2
2025310142,OOP
2025310142,LINUX
2025310142,LINALG
2025310142,MANAL1
2025310142,STAT
2025310142,ENG2
2025310143,OOP
2025310143,LINUX
2025310143,LINALG
2025310143,MANAL1
2025310143,STAT
2025310143,ENG2
2025310144,OOP
2025310144,LINUX
2025310144,LINALG
2025310144,MANAL1
2025310144,STAT
2025310144,ENG2
2025310145,OOP
2025310145,LINUX
2025310145,LINALG
2025310145,MANAL1
2025310145,STAT
2025310145,ENG2
2025310146,OOP
2025310146,LINUX
2025310146,LINALG
2025310146,MANAL1
2025310146,STAT
2025310146,ENG2
2025310147,OOP
2025310147,LINUX
2025310147,LINALG
2025310147,MANAL1
2025310147,STAT
2025310147,ENG2
2025310148,OOP
2025310148,LINUX
2025310148,LINALG
2025310148,MANAL1
2025310148,STAT
2025310148,ENG2
2025310149,OOP
2025310149,LINUX
2025310149,LINALG
2025310149,MANAL1
2025310149,STAT
2025310149,ENG2
2025310150,OOP
2025310150,LINUX
2025310150,LINALG
2025310150,MANAL1
2025310150,STAT
2025310150,ENG2
2025310151,OOP
2025310151,LINUX
2025310151,LINALG
2025310151,MANAL1
2025310151,STAT
2025310151,ENG2
2025310152,OOP
2025310152,LINUX
2025310152,LINALG
2025310152,MANAL1
2025310152,STAT
2025310152,ENG2
2025310153,OOP
2025310153,LINUX
2025310153,LINALG
2025310153,MANAL1
2025310153,STAT
2025310153,ENG2
2025310154,OOP
2025310154,LINUX
2025310154,LINALG
2025310154,MANAL1
2025310154,STAT
2025310154,ENG2
2025310155,OOP
2025310155,LINUX
2025310155,LINALG
2025310155,MANAL1
2025310155,STAT
2025310155,ENG2
2025310156,OOP
2025310156,LINUX
2025310156,LINALG
2025310156,MANAL1
2025310156,STAT
2025310156,ENG2
2025310157,OOP
2025310157,LINUX
2025310157,LINALG
2025310157,MANAL1
2025310157,STAT
2025310157,ENG2
2025310158,OOP
2025310158,LINUX
2025310158,LINALG
2025310158,MANAL1
2025310158,STAT
2025310158,ENG2
2025310159,OOP
2025310159,LINUX
2025310159,LINALG
2025310159,MANAL1
2025310159,STAT
2025310159,ENG2
2025310160,OOP
2025310160,LINUX
2025310160,LINALG
2025310160,MANAL1
2025310160,STAT
2025310160,ENG2
2025310161,OOP
2025310161,LINUX
2025310161,LINALG
2025310161,MANAL1
2025310161,STAT
2025310161,ENG2
2025310162,OOP
2025310162,LINUX
2025310162,LINALG
2025310162,MANAL1
2025310162,STAT
2025310162,ENG2
2025310163,OOP
2025310163,LINUX
2025310163,LINALG
2025310163,MANAL1
2025310163,STAT
2025310163,ENG2
2025310164,OOP
2025310164,LINUX
2025310164,LINALG
2025310164,MANAL1
2025310164,STAT
2025310164,ENG2
2025310165,OOP
2025310165,LINUX
2025310165,LINALG
2025310165,MANAL1
2025310165,STAT
2025310165,ENG2
2025310166,OOP
2025310166,LINUX
2025310166,LINALG
2025310166,MANAL1
2025310166,STAT
2025310166,ENG2
2025310167,OOP
2025310167,LINUX
2025310167,LINALG
2025310167,MANAL1
2025310167,STAT
2025310167,ENG2
2025310168,OOP
2025310168,LINUX
2025310168,LINALG
2025310168,MANAL1
2025310168,STAT
2025310168,ENG2
2025310169,OOP
2025310169,LINUX
2025310169,LINALG
2025310169,MANAL1
2025310169,STAT
2025310169,ENG2
2025310170,OOP
2025310170,LINUX
2025310170,LINALG
2025310170,MANAL1
2025310170,STAT
2025310170,ENG2
2025310171,OOP
2025310171,LINUX
2025310171,LINALG
2025310171,MANAL1
2025310171,STAT
2025310171,ENG2
2025310172,OOP
2025310172,LINUX
2025310172,LINALG
2025310172,MANAL1
2025310172,STAT
2025310172,ENG2
2025310173,OOP
2025310173,LINUX
2025310173,LINALG
2025310173,MANAL1
2025310173,STAT
2025310173,ENG2
2025310174,OOP
2025310174,LINUX
2025310174,LINALG
2025310174,MANAL1
2025310174,STAT
2025310174,ENG2
2025310175,OOP
2025310175,LINUX
2025310175,LINALG
2025310175,MANAL1
2025310175,STAT
2025310175,ENG2
2025310176,OOP
2025310176,LINUX
2025310176,LINALG
2025310176,MANAL1
2025310176,STAT
2025310176,ENG2
2025310177,OOP
2025310177,LINUX
2025310177,LINALG
2025310177,MANAL1
2025310177,STAT
2025310177,ENG2
2025310178,OOP
2025310178,LINUX
2025310178,LINALG
2025310178,MANAL1
2025310178,STAT
2025310178,ENG2
2025310179,OOP
2025310179,LINUX
2025310179,LINALG
2025310179,MANAL1
2025310179,STAT
2025310179,ENG2
2025310180,OOP
2025310180,LINUX
2025310180,LINALG
2025310180,MANAL1
2025310180,STAT
2025310180,ENG2
2025310181,OOP
2025310181,LINUX
2025310181,LINALG
2025310181,MANAL1
2025310181,STAT
2025310181,ENG2
2025310182,OOP
2025310182,LINUX
2025310182,LINALG
2025310182,MANAL1
2025310182,STAT
2025310182,ENG2
2025310183,OOP
2025310183,LINUX
2025310183,LINALG
2025310183,MANAL1
2025310183,STAT
2025310183,ENG2
2025310184,OOP
2025310184,LINUX
2025310184,LINALG
2025310184,MANAL1
2025310184,STAT
2025310184,ENG2
2025310185,OOP
2025310185,LINUX
2025310185,LINALG
2025310185,MANAL1
2025310185,STAT
2025310185,ENG2
2025310186,OOP
2025310186,LINUX
2025310186,LINALG
2025310186,MANAL1
2025310186,STAT
2025310186,ENG2
2025310187,OOP
2025310187,LINUX
2025310187,LINALG
2025310187,MANAL1
2025310187,STAT
2025310187,ENG2
2025310188,OOP
2025310188,LINUX
2025310188,LINALG
2025310188,MANAL1
2025310188,STAT
2025310188,ENG2
2025310189,OOP
2025310189,LINUX
2025310189,LINALG
2025310189,MANAL1
2025310189,STAT
2025310189,ENG2
2025310190,OOP
2025310190,LINUX
2025310190,LINALG
2025310190,MANAL1
2025310190,STAT
2025310190,ENG2
2025310191,OOP
2025310191,LINUX
2025310191,LINALG
2025310191,MANAL1
2025310191,STAT
2025310191,ENG2
2025310192,OOP
2025310192,LINUX
2025310192,LINALG
2025310192,MANAL1
2025310192,STAT
2025310192,ENG2
2025310193,OOP
2025310193,LINUX
2025310193,LINALG
2025310193,MANAL1
2025310193,STAT
2025310193,ENG2
2025310194,OOP
2025310194,LINUX
2025310194,LINALG
2025310194,MANAL1
2025310194,STAT
2025310194,ENG2
2025310195,OOP
2025310195,LINUX
2025310195,LINALG
2025310195,MANAL1
2025310195,STAT
2025310195,ENG2
2025310196,OOP
2025310196,LINUX
2025310196,LINALG
2025310196,MANAL1
2025310196,STAT
2025310196,ENG2
2025310197,OOP
2025310197,LINUX
2025310197,LINALG
2025310197,MANAL1
2025310197,STAT
2025310197,ENG2
2025310198,OOP
2025310198,LINUX
2025310198,LINALG
2025310198,MANAL1
2025310198,STAT
2025310198,ENG2
2025310199,OOP
2025310199,LINUX
2025310199,LINALG
2025310199,MANAL1
2025310199,STAT
2025310199,ENG2
2025310200,OOP
2025310200,LINUX
2025310200,LINALG
2025310200,MANAL1
2025310200,STAT
2025310200,ENG2
2025310201,OOP
2025310201,LINUX
2025310201,LINALG
2025310201,MANAL1
2025310201,STAT
2025310201,ENG2
2025310202,OOP
2025310202,LINUX
2025310202,LINALG
2025310202,MANAL1
2025310202,STAT
2025310202,ENG2
2025310203,OOP
2025310203,LINUX
2025310203,LINALG
2025310203,MANAL1
2025310203,STAT
2025310203,ENG2
2025310204,OOP
2025310204,LINUX
2025310204,LINALG
2025310204,MANAL1
2025310204,STAT
2025310204,ENG2
2025310205,OOP
2025310205,LINUX
2025310205,LINALG
2025310205,MANAL1
2025310205,STAT
2025310205,ENG2
2025310206,OOP
2025310206,LINUX
2025310206,LINALG
2025310206,MANAL1
2025310206,STAT
2025310206,ENG2
2025310207,OOP
2025310207,LINUX
2025310207,LINALG
2025310207,MANAL1
2025310207,STAT
2025310207,ENG2
2025310208,OOP
2025310208,LINUX
2025310208,LINALG
2025310208,MANAL1
2025310208,STAT
2025310208,ENG2
2025310209,OOP
2025310209,LINUX
2025310209,LINALG
2025310209,MANAL1
2025310209,STAT
2025310209,ENG2
2025310210,OOP
2025310210,LINUX
2025310210,LINALG
2025310210,MANAL1
2025310210,STAT
2025310210,ENG2
2025310211,OOP
2025310211,LINUX
2025310211,LINALG
2025310211,MANAL1
2025310211,STAT
2025310211,ENG2
2025310212,OOP
2025310212,LINUX
2025310212,LINALG
2025310212,MANAL1
2025310212,STAT
2025310212,ENG2
2025310213,OOP
2025310213,LINUX
2025310213,LINALG
2025310213,MANAL1
2025310213,STAT
2025310213,ENG2
2025310214,OOP
2025310214,LINUX
2025310214,LINALG
2025310214,MANAL1
2025310214,STAT
2025310214,ENG2
2025310215,OOP
2025310215,LINUX
2025310215,LINALG
2025310215,MANAL1
2025310215,STAT
2025310215,ENG2
2025310216,OOP
2025310216,LINUX
2025310216,LINALG
2025310216,MANAL1
2025310216,STAT
2025310216,ENG2
2025310217,OOP
2025310217,LINUX
2025310217,LINALG
2025310217,MANAL1
2025310217,STAT
2025310217,ENG2
2025310218,OOP
2025310218,LINUX
2025310218,LINALG
2025310218,MANAL1
2025310218,STAT
2025310218,ENG2
2025310219,OOP
2025310219,LINUX
2025310219,LINALG
2025310219,MANAL1
2025310219,STAT
2025310219,ENG2
2025310220,OOP
2025310220,LINUX
2025310220,LINALG
2025310220,MANAL1
2025310220,STAT
2025310220,ENG2
2025310221,OOP
2025310221,LINUX
2025310221,LINALG
2025310221,MANAL1
2025310221,STAT
2025310221,ENG2
2025310222,OOP
2025310222,LINUX
2025310222,LINALG
2025310222,MANAL1
2025310222,STAT
2025310222,ENG2
2025310223,OOP
2025310223,LINUX
2025310223,LINALG
2025310223,MANAL1
2025310223,STAT
2025310223,ENG2
2025310224,OOP
2025310224,LINUX
2025310224,LINALG
2025310224,MANAL1
2025310224,STAT
2025310224,ENG2
2025310225,OOP
2025310225,LINUX
2025310225,LINALG
2025310225,MANAL1
2025310225,STAT
2025310225,ENG2
2025310226,OOP
2025310226,LINUX
2025310226,LINALG
2025310226,MANAL1
2025310226,STAT
2025310226,ENG2
2025310227,OOP
2025310227,LINUX
2025310227,LINALG
2025310227,MANAL1
2025310227,STAT
2025310227,ENG2
2025310228,OOP
2025310228,LINUX
2025310228,LINALG
2025310228,MANAL1
2025310228,STAT
2025310228,ENG2
2025310229,OOP
2025310229,LINUX
2025310229,LINALG
2025310229,MANAL1
2025310229,STAT
2025310229,ENG2
2025310230,OOP
2025310230,LINUX
2025310230,LINALG
2025310230,MANAL1
2025310230,STAT
2025310230,ENG2
2025310231,OOP
2025310231,LINUX
2025310231,LINALG
2025310231,MANAL1
2025310231,STAT
2025310231,ENG2
2025310232,OOP
2025310232,LINUX
2025310232,LINALG
2025310232,MANAL1
2025310232,STAT
2025310232,ENG2
2025310233,OOP
2025310233,LINUX
2025310233,LINALG
2025310233,MANAL1
2025310233,STAT
2025310233,ENG2
2025310234,OOP
2025310234,LINUX
2025310234,LINALG
2025310234,MANAL1
2025310234,STAT
2025310234,ENG2
2025310235,OOP
2025310235,LINUX
2025310235,LINALG
2025310235,MANAL1
2025310235,STAT
2025310235,ENG2
2025310236,OOP
2025310236,LINUX
2025310236,LINALG
2025310236,MANAL1
2025310236,STAT
2025310236,ENG2
2025310237,OOP
2025310237,LINUX
2025310237,LINALG
2025310237,MANAL1
2025310237,STAT
2025310237,ENG2
2025310238,OOP
2025310238,LINUX
2025310238,LINALG
2025310238,MANAL1
2025310238,STAT
2025310238,ENG2
2025310239,OOP
2025310239,LINUX
2025310239,LINALG
2025310239,MANAL1
2025310239,STAT
2025310239,ENG2
2025310240,OOP
2025310240,LINUX
2025310240,LINALG
2025310240,MANAL1
2025310240,STAT
2025310240,ENG2
2025310241,OOP
2025310241,LINUX
2025310241,LINALG
2025310241,MANAL1
2025310241,STAT
2025310241,ENG2
2025310242,OOP
2025310242,LINUX
2025310242,LINALG
2025310242,MANAL1
2025310242,STAT
2025310242,ENG2
2025310243,OOP
2025310243,LINUX
2025310243,LINALG
2025310243,MANAL1
2025310243,STAT
2025310243,ENG2
2025310244,OOP
2025310244,LINUX
2025310244,LINALG
2025310244,MANAL1
2025310244,STAT
2025310244,ENG2
2025310245,OOP
2025310245,LINUX
2025310245,LINALG
2025310245,MANAL1
2025310245,STAT
2025310245,ENG2
2025310246,OOP
2025310246,LINUX
2025310246,LINALG
2025310246,MANAL1
2025310246,STAT
2025310246,ENG2
2025310247,OOP
2025310247,LINUX
2025310247,LINALG
2025310247,MANAL1
2025310247,STAT
2025310247,ENG2
2025310248,OOP
2025310248,LINUX
2025310248,LINALG
2025310248,MANAL1
2025310248,STAT
2025310248,ENG2
2025310249,OOP
2025310249,LINUX
2025310249,LINALG
2025310249,MANAL1
2025310249,STAT
2025310249,ENG2
2025310250,OOP
2025310250,LINUX
2025310250,LINALG
2025310250,MANAL1
2025310250,STAT
2025310250,ENG2
2024310001,TOC
2024310001,OS
2024310001,ARCH
2024310001,SINF
2024310001,INTAI
2024310001,MANAL3
2024310001,CIRC
2024310002,TOC
2024310002,OS
2024310002,ARCH
2024310002,SINF
2024310002,INTAI
2024310002,MANAL3
2024310002,CIRC
2024310003,TOC
2024310003,OS
2024310003,ARCH
2024310003,SINF
2024310003,INTAI
2024310003,MANAL3
2024310003,CIRC
2024310004,TOC
2024310004,OS
2024310004,ARCH
2024310004,SINF
2024310004,INTAI
2024310004,MANAL3
2024310004,CIRC
2024310005,TOC
2024310005,OS
2024310005,ARCH
2024310005,SINF
2024310005,INTAI
2024310005,MANAL3
2024310005,CIRC
2024310006,TOC
2024310006,OS
2024310006,ARCH
2024310006,SINF
2024310006,INTAI
2024310006,MANAL3
2024310006,CIRC
2024310007,TOC
2024310007,OS
2024310007,ARCH
2024310007,SINF
2024310007,INTAI
2024310007,MANAL3
2024310007,CIRC
2024310008,TOC
2024310008,OS
2024310008,ARCH
2024310008,SINF
2024310008,INTAI
2024310008,MANAL3
2024310008,CIRC
2024310009,TOC
2024310009,OS
2024310009,ARCH
2024310009,SINF
2024310009,INTAI
2024310009,MANAL3
2024310009,CIRC
2024310010,TOC
2024310010,OS
2024310010,ARCH
2024310010,SINF
2024310010,INTAI
2024310010,MANAL3
2024310010,CIRC
2024310011,TOC
2024310011,OS
2024310011,ARCH
2024310011,SINF
2024310011,INTAI
2024310011,MANAL3
2024310011,CIRC
2024310012,TOC
2024310012,OS
2024310012,ARCH
2024310012,SINF
2024310012,INTAI
2024310012,MANAL3
2024310012,CIRC
2024310013,TOC
2024310013,OS
2024310013,ARCH
2024310013,SINF
2024310013,INTAI
2024310013,MANAL3
2024310013,CIRC
2024310014,TOC
2024310014,OS
2024310014,ARCH
2024310014,SINF
2024310014,INTAI
2024310014,MANAL3
2024310014,CIRC
2024310015,TOC
2024310015,OS
2024310015,ARCH
2024310015,SINF
2024310015,INTAI
2024310015,MANAL3
2024310015,CIRC
2024310016,TOC
2024310016,OS
2024310016,ARCH
2024310016,SINF
2024310016,INTAI
2024310016,MANAL3
2024310016,CIRC
2024310017,TOC
2024310017,OS
2024310017,ARCH
2024310017,SINF
2024310017,INTAI
2024310017,MANAL3
2024310017,CIRC
2024310018,TOC
2024310018,OS
2024310018,ARCH
2024310018,SINF
2024310018,INTAI
2024310018,MANAL3
2024310018,CIRC
2024310019,TOC
2024310019,OS
2024310019,ARCH
2024310019,SINF
2024310019,INTAI
2024310019,MANAL3
2024310019,CIRC
2024310020,TOC
2024310020,OS
2024310020,ARCH
2024310020,SINF
2024310020,INTAI
2024310020,MANAL3
2024310020,CIRC
2024310021,TOC
2024310021,OS
2024310021,ARCH
2024310021,SINF
2024310021,INTAI
2024310021,MANAL3
2024310021,CIRC
2024310022,TOC
2024310022,OS
2024310022,ARCH
2024310022,SINF
2024310022,INTAI
2024310022,MANAL3
2024310022,CIRC
2024310023,TOC
2024310023,OS
2024310023,ARCH
2024310023,SINF
2024310023,INTAI
2024310023,MANAL3
2024310023,CIRC
2024310024,TOC
2024310024,OS
2024310024,ARCH
2024310024,SINF
2024310024,INTAI
2024310024,MANAL3
2024310024,CIRC
2024310025,TOC
2024310025,OS
2024310025,ARCH
2024310025,SINF
2024310025,INTAI
2024310025,MANAL3
2024310025,CIRC
2024310026,TOC
2024310026,OS
2024310026,ARCH
2024310026,SINF
2024310026,INTAI
2024310026,MANAL3
2024310026,CIRC
2024310027,TOC
2024310027,OS
2024310027,ARCH
2024310027,SINF
2024310027,INTAI
2024310027,MANAL3
2024310027,CIRC
2024310028,TOC
2024310028,OS
2024310028,ARCH
2024310028,SINF
2024310028,INTAI
2024310028,MANAL3
2024310028,CIRC
2024310029,TOC
2024310029,OS
2024310029,ARCH
2024310029,SINF
2024310029,INTAI
2024310029,MANAL3
2024310029,CIRC
2024310030,TOC
2024310030,OS
2024310030,ARCH
2024310030,SINF
2024310030,INTAI
2024310030,MANAL3
2024310030,CIRC
2024310031,TOC
2024310031,OS
2024310031,ARCH
2024310031,SINF
2024310031,INTAI
2024310031,MANAL3
2024310031,CIRC
2024310032,TOC
2024310032,OS
2024310032,ARCH
2024310032,SINF
2024310032,INTAI
2024310032,MANAL3
2024310032,CIRC
2024310033,TOC
2024310033,OS
2024310033,ARCH
2024310033,SINF
2024310033,INTAI
2024310033,MANAL3
2024310033,CIRC
2024310034,TOC
2024310034,OS
2024310034,ARCH
2024310034,SINF
2024310034,INTAI
2024310034,MANAL3
2024310034,CIRC
2024310035,TOC
2024310035,OS
2024310035,ARCH
2024310035,SINF
2024310035,INTAI
2024310035,MANAL3
2024310035,CIRC
2024310036,TOC
2024310036,OS
2024310036,ARCH
2024310036,SINF
2024310036,INTAI
2024310036,MANAL3
2024310036,CIRC
2024310037,TOC
2024310037,OS
2024310037,ARCH
2024310037,SINF
2024310037,INTAI
2024310037,MANAL3
2024310037,CIRC
2024310038,TOC
2024310038,OS
2024310038,ARCH
2024310038,SINF
2024310038,INTAI
2024310038,MANAL3
2024310038,CIRC
2024310039,TOC
2024310039,OS
2024310039,ARCH
2024310039,SINF
2024310039,INTAI
2024310039,MANAL3
2024310039,CIRC
2024310040,TOC
2024310040,OS
2024310040,ARCH
2024310040,SINF
2024310040,INTAI
2024310040,MANAL3
2024310040,CIRC
2024310041,TOC
2024310041,OS
2024310041,ARCH
2024310041,SINF
2024310041,INTAI
2024310041,MANAL3
2024310041,CIRC
2024310042,TOC
2024310042,OS
2024310042,ARCH
2024310042,SINF
2024310042,INTAI
2024310042,MANAL3
2024310042,CIRC
2024310043,TOC
2024310043,OS
2024310043,ARCH
2024310043,SINF
2024310043,INTAI
2024310043,MANAL3
2024310043,CIRC
2024310044,TOC
2024310044,OS
2024310044,ARCH
2024310044,SINF
2024310044,INTAI
2024310044,MANAL3
2024310044,CIRC
2024310045,TOC
2024310045,OS
2024310045,ARCH
2024310045,SINF
2024310045,INTAI
2024310045,MANAL3
2024310045,CIRC
2024310046,TOC
2024310046,OS
2024310046,ARCH
2024310046,SINF
2024310046,INTAI
2024310046,MANAL3
2024310046,CIRC
2024310047,TOC
2024310047,OS
2024310047,ARCH
2024310047,SINF
2024310047,INTAI
2024310047,MANAL3
2024310047,CIRC
2024310048,TOC
2024310048,OS
2024310048,ARCH
2024310048,SINF
2024310048,INTAI
2024310048,MANAL3
2024310048,CIRC
2024310049,TOC
2024310049,OS
2024310049,ARCH
2024310049,SINF
2024310049,INTAI
2024310049,MANAL3
2024310049,CIRC
2024310050,TOC
2024310050,OS
2024310050,ARCH
2024310050,SINF
2024310050,INTAI
2024310050,MANAL3
2024310050,CIRC
2024310051,TOC
2024310051,OS
2024310051,ARCH
2024310051,SINF
2024310051,INTAI
2024310051,MANAL3
2024310051,CIRC
2024310052,TOC
2024310052,OS
2024310052,ARCH
2024310052,SINF
2024310052,INTAI
2024310052,MANAL3
2024310052,CIRC
2024310053,TOC
2024310053,OS
2024310053,ARCH
2024310053,SINF
2024310053,INTAI
2024310053,MANAL3
2024310053,CIRC
2024310054,TOC
2024310054,OS
2024310054,ARCH
2024310054,SINF
2024310054,INTAI
2024310054,MANAL3
2024310054,CIRC
2024310055,TOC
2024310055,OS
2024310055,ARCH
2024310055,SINF
2024310055,INTAI
2024310055,MANAL3
2024310055,CIRC
2024310056,TOC
2024310056,OS
2024310056,ARCH
2024310056,SINF
2024310056,INTAI
2024310056,MANAL3
2024310056,CIRC
2024310057,TOC
2024310057,OS
2024310057,ARCH
2024310057,SINF
2024310057,INTAI
2024310057,MANAL3
2024310057,CIRC
2024310058,TOC
2024310058,OS
2024310058,ARCH
2024310058,SINF
2024310058,INTAI
2024310058,MANAL3
2024310058,CIRC
2024310059,TOC
2024310059,OS
2024310059,ARCH
2024310059,SINF
2024310059,INTAI
2024310059,MANAL3
2024310059,CIRC
2024310060,TOC
2024310060,OS
2024310060,ARCH
2024310060,SINF
2024310060,INTAI
2024310060,MANAL3
2024310060,CIRC
2024310061,TOC
2024310061,OS
2024310061,ARCH
2024310061,SINF
2024310061,INTAI
2024310061,MANAL3
2024310061,CIRC
2024310062,TOC
2024310062,OS
2024310062,ARCH
2024310062,SINF
2024310062,INTAI
2024310062,MANAL3
2024310062,CIRC
2024310063,TOC
2024310063,OS
2024310063,ARCH
2024310063,SINF
2024310063,INTAI
2024310063,MANAL3
2024310063,CIRC
2024310064,TOC
2024310064,OS
2024310064,ARCH
2024310064,SINF
2024310064,INTAI
2024310064,MANAL3
2024310064,CIRC
2024310065,TOC
2024310065,OS
2024310065,ARCH
2024310065,SINF
2024310065,INTAI
2024310065,MANAL3
2024310065,CIRC
2024310066,TOC
2024310066,OS
2024310066,ARCH
2024310066,SINF
2024310066,INTAI
2024310066,MANAL3
2024310066,CIRC
2024310067,TOC
2024310067,OS
2024310067,ARCH
2024310067,SINF
2024310067,INTAI
2024310067,MANAL3
2024310067,CIRC
2024310068,TOC
2024310068,OS
2024310068,ARCH
2024310068,SINF
2024310068,INTAI
2024310068,MANAL3
2024310068,CIRC
2024310069,TOC
2024310069,OS
2024310069,ARCH
2024310069,SINF
2024310069,INTAI
2024310069,MANAL3
2024310069,CIRC
2024310070,TOC
2024310070,OS
2024310070,ARCH
2024310070,SINF
2024310070,INTAI
2024310070,MANAL3
2024310070,CIRC
2024310071,TOC
2024310071,OS
2024310071,ARCH
2024310071,SINF
2024310071,INTAI
2024310071,MANAL3
2024310071,CIRC
2024310072,TOC
2024310072,OS
2024310072,ARCH
2024310072,SINF
2024310072,INTAI
2024310072,MANAL3
2024310072,CIRC
2024310073,TOC
2024310073,OS
2024310073,ARCH
2024310073,SINF
2024310073,INTAI
2024310073,MANAL3
2024310073,CIRC
2024310074,TOC
2024310074,OS
2024310074,ARCH
2024310074,SINF
2024310074,INTAI
2024310074,MANAL3
2024310074,CIRC
2024310075,TOC
2024310075,OS
2024310075,ARCH
2024310075,SINF
2024310075,INTAI
2024310075,MANAL3
2024310075,CIRC
2024310076,TOC
2024310076,OS
2024310076,ARCH
2024310076,SINF
2024310076,INTAI
2024310076,MANAL3
2024310076,CIRC
2024310077,TOC
2024310077,OS
2024310077,ARCH
2024310077,SINF
2024310077,INTAI
2024310077,MANAL3
2024310077,CIRC
2024310078,TOC
2024310078,OS
2024310078,ARCH
2024310078,SINF
2024310078,INTAI
2024310078,MANAL3
2024310078,CIRC
2024310079,TOC
2024310079,OS
2024310079,ARCH
2024310079,SINF
2024310079,INTAI
2024310079,MANAL3
2024310079,CIRC
2024310080,TOC
2024310080,OS
2024310080,ARCH
2024310080,SINF
2024310080,INTAI
2024310080,MANAL3
2024310080,CIRC
2024310081,TOC
2024310081,OS
2024310081,ARCH
2024310081,SINF
2024310081,INTAI
2024310081,MANAL3
2024310081,CIRC
2024310082,TOC
2024310082,OS
2024310082,ARCH
2024310082,SINF
2024310082,INTAI
2024310082,MANAL3
2024310082,CIRC
2024310083,TOC
2024310083,OS
2024310083,ARCH
2024310083,SINF
2024310083,INTAI
2024310083,MANAL3
2024310083,CIRC
2024310084,TOC
2024310084,OS
2024310084,ARCH
2024310084,SINF
2024310084,INTAI
2024310084,MANAL3
2024310084,CIRC
2024310085,TOC
2024310085,OS
2024310085,ARCH
2024310085,SINF
2024310085,INTAI
2024310085,MANAL3
2024310085,CIRC
2024310086,TOC
2024310086,OS
2024310086,ARCH
2024310086,SINF
2024310086,INTAI
2024310086,MANAL3
2024310086,CIRC
2024310087,TOC
2024310087,OS
2024310087,ARCH
2024310087,SINF
2024310087,INTAI
2024310087,MANAL3
2024310087,CIRC
2024310088,TOC
2024310088,OS
2024310088,ARCH
2024310088,SINF
2024310088,INTAI
2024310088,MANAL3
2024310088,CIRC
2024310089,TOC
2024310089,OS
2024310089,ARCH
2024310089,SINF
2024310089,INTAI
2024310089,MANAL3
2024310089,CIRC
2024310090,TOC
2024310090,OS
2024310090,ARCH
2024310090,SINF
2024310090,INTAI
2024310090,MANAL3
2024310090,CIRC
2024310091,TOC
2024310091,OS
2024310091,ARCH
2024310091,SINF
2024310091,INTAI
2024310091,MANAL3
2024310091,CIRC
2024310092,TOC
2024310092,OS
2024310092,ARCH
2024310092,SINF
2024310092,INTAI
2024310092,MANAL3
2024310092,CIRC
2024310093,TOC
2024310093,OS
2024310093,ARCH
2024310093,SINF
2024310093,INTAI
2024310093,MANAL3
2024310093,CIRC
2024310094,TOC
2024310094,OS
2024310094,ARCH
2024310094,SINF
2024310094,INTAI
2024310094,MANAL3
2024310094,CIRC
2024310095,TOC
2024310095,OS
2024310095,ARCH
2024310095,SINF
2024310095,INTAI
2024310095,MANAL3
2024310095,CIRC
2024310096,TOC
2024310096,OS
2024310096,ARCH
2024310096,SINF
2024310096,INTAI
2024310096,MANAL3
2024310096,CIRC
2024310097,TOC
2024310097,OS
2024310097,ARCH
2024310097,SINF
2024310097,INTAI
2024310097,MANAL3
2024310097,CIRC
2024310098,TOC
2024310098,OS
2024310098,ARCH
2024310098,SINF
2024310098,INTAI
2024310098,MANAL3
2024310098,CIRC
2024310099,TOC
2024310099,OS
2024310099,ARCH
2024310099,SINF
2024310099,INTAI
2024310099,MANAL3
2024310099,CIRC
2024310100,TOC
2024310100,OS
2024310100,ARCH
2024310100,SINF
2024310100,INTAI
2024310100,MANAL3
2024310100,CIRC
2024310101,TOC
2024310101,OS
2024310101,ARCH
2024310101,SINF
2024310101,INTAI
2024310101,MANAL3
2024310101,CIRC
2024310102,TOC
2024310102,OS
2024310102,ARCH
2024310102,SINF
2024310102,INTAI
2024310102,MANAL3
2024310102,CIRC
2024310103,TOC
2024310103,OS
2024310103,ARCH
2024310103,SINF
2024310103,INTAI
2024310103,MANAL3
2024310103,CIRC
2024310104,TOC
2024310104,OS
2024310104,ARCH
2024310104,SINF
2024310104,INTAI
2024310104,MANAL3
2024310104,CIRC
2024310105,TOC
2024310105,OS
2024310105,ARCH
2024310105,SINF
2024310105,INTAI
2024310105,MANAL3
2024310105,CIRC
2024310106,TOC
2024310106,OS
2024310106,ARCH
2024310106,SINF
2024310106,INTAI
2024310106,MANAL3
2024310106,CIRC
2024310107,TOC
2024310107,OS
2024310107,ARCH
2024310107,SINF
2024310107,INTAI
2024310107,MANAL3
2024310107,CIRC
2024310108,TOC
2024310108,OS
2024310108,ARCH
2024310108,SINF
2024310108,INTAI
2024310108,MANAL3
2024310108,CIRC
2024310109,TOC
2024310109,OS
2024310109,ARCH
2024310109,SINF
2024310109,INTAI
2024310109,MANAL3
2024310109,CIRC
2024310110,TOC
2024310110,OS
2024310110,ARCH
2024310110,SINF
2024310110,INTAI
2024310110,MANAL3
2024310110,CIRC
2024310111,TOC
2024310111,OS
2024310111,ARCH
2024310111,SINF
2024310111,INTAI
2024310111,MANAL3
2024310111,CIRC
2024310112,TOC
2024310112,OS
2024310112,ARCH
2024310112,SINF
2024310112,INTAI
2024310112,MANAL3
2024310112,CIRC
2024310113,TOC
2024310113,OS
2024310113,ARCH
2024310113,SINF
2024310113,INTAI
2024310113,MANAL3
2024310113,CIRC
2024310114,TOC
2024310114,OS
2024310114,ARCH
2024310114,SINF
2024310114,INTAI
2024310114,MANAL3
2024310114,CIRC
2024310115,TOC
2024310115,OS
2024310115,ARCH
2024310115,SINF
2024310115,INTAI
2024310115,MANAL3
2024310115,CIRC
2024310116,TOC
2024310116,OS
2024310116,ARCH
2024310116,SINF
2024310116,INTAI
2024310116,MANAL3
2024310116,CIRC
2024310117,TOC
2024310117,OS
2024310117,ARCH
2024310117,SINF
2024310117,INTAI
2024310117,MANAL3
2024310117,CIRC
2024310118,TOC
2024310118,OS
2024310118,ARCH
2024310118,SINF
2024310118,INTAI
2024310118,MANAL3
2024310118,CIRC
2024310119,TOC
2024310119,OS
2024310119,ARCH
2024310119,SINF
2024310119,INTAI
2024310119,MANAL3
2024310119,CIRC
2024310120,TOC
2024310120,OS
2024310120,ARCH
2024310120,SINF
2024310120,INTAI
2024310120,MANAL3
2024310120,CIRC
2024310121,TOC
2024310121,OS
2024310121,ARCH
2024310121,SINF
2024310121,INTAI
2024310121,MANAL3
2024310121,CIRC
2024310122,TOC
2024310122,OS
2024310122,ARCH
2024310122,SINF
2024310122,INTAI
2024310122,MANAL3
2024310122,CIRC
2024310123,TOC
2024310123,OS
2024310123,ARCH
2024310123,SINF
2024310123,INTAI
2024310123,MANAL3
2024310123,CIRC
2024310124,TOC
2024310124,OS
2024310124,ARCH
2024310124,SINF
2024310124,INTAI
2024310124,MANAL3
2024310124,CIRC
2024310125,TOC
2024310125,OS
2024310125,ARCH
2024310125,SINF
2024310125,INTAI
2024310125,MANAL3
2024310125,CIRC
2024310126,TOC
2024310126,OS
2024310126,ARCH
2024310126,SINF
2024310126,INTAI
2024310126,MANAL3
2024310126,CIRC
2024310127,TOC
2024310127,OS
2024310127,ARCH
2024310127,SINF
2024310127,INTAI
2024310127,MANAL3
2024310127,CIRC
2024310128,TOC
2024310128,OS
2024310128,ARCH
2024310128,SINF
2024310128,INTAI
2024310128,MANAL3
2024310128,CIRC
2024310129,TOC
2024310129,OS
2024310129,ARCH
2024310129,SINF
2024310129,INTAI
2024310129,MANAL3
2024310129,CIRC
2024310130,TOC
2024310130,OS
2024310130,ARCH
2024310130,SINF
2024310130,INTAI
2024310130,MANAL3
2024310130,CIRC
2024310131,TOC
2024310131,OS
2024310131,ARCH
2024310131,SINF
2024310131,INTAI
2024310131,MANAL3
2024310131,CIRC
2024310132,TOC
2024310132,OS
2024310132,ARCH
2024310132,SINF
2024310132,INTAI
2024310132,MANAL3
2024310132,CIRC
2024310133,TOC
2024310133,OS
2024310133,ARCH
2024310133,SINF
2024310133,INTAI
2024310133,MANAL3
2024310133,CIRC
2024310134,TOC
2024310134,OS
2024310134,ARCH
2024310134,SINF
2024310134,INTAI
2024310134,MANAL3
2024310134,CIRC
2024310135,TOC
2024310135,OS
2024310135,ARCH
2024310135,SINF
2024310135,INTAI
2024310135,MANAL3
2024310135,CIRC
2024310136,TOC
2024310136,OS
2024310136,ARCH
2024310136,SINF
2024310136,INTAI
2024310136,MANAL3
2024310136,CIRC
2024310137,TOC
2024310137,OS
2024310137,ARCH
2024310137,SINF
2024310137,INTAI
2024310137,MANAL3
2024310137,CIRC
2024310138,TOC
2024310138,OS
2024310138,ARCH
2024310138,SINF
2024310138,INTAI
2024310138,MANAL3
2024310138,CIRC
2024310139,TOC
2024310139,OS
2024310139,ARCH
2024310139,SINF
2024310139,INTAI
2024310139,MANAL3
2024310139,CIRC
2024310140,TOC
2024310140,OS
2024310140,ARCH
2024310140,SINF
2024310140,INTAI
2024310140,MANAL3
2024310140,CIRC
2024310141,TOC
2024310141,OS
2024310141,ARCH
2024310141,SINF
2024310141,INTAI
2024310141,MANAL3
2024310141,CIRC
2024310142,TOC
2024310142,OS
2024310142,ARCH
2024310142,SINF
2024310142,INTAI
2024310142,MANAL3
2024310142,CIRC
2024310143,TOC
2024310143,OS
2024310143,ARCH
2024310143,SINF
2024310143,INTAI
2024310143,MANAL3
2024310143,CIRC
2024310144,TOC
2024310144,OS
2024310144,ARCH
2024310144,SINF
2024310144,INTAI
2024310144,MANAL3
2024310144,CIRC
2024310145,TOC
2024310145,OS
2024310145,ARCH
2024310145,SINF
2024310145,INTAI
2024310145,MANAL3
2024310145,CIRC
2024310146,TOC
2024310146,OS
2024310146,ARCH
2024310146,SINF
2024310146,INTAI
2024310146,MANAL3
2024310146,CIRC
2024310147,TOC
2024310147,OS
2024310147,ARCH
2024310147,SINF
2024310147,INTAI
2024310147,MANAL3
2024310147,CIRC
2024310148,TOC
2024310148,OS
2024310148,ARCH
2024310148,SINF
2024310148,INTAI
2024310148,MANAL3
2024310148,CIRC
2024310149,TOC
2024310149,OS
2024310149,ARCH
2024310149,SINF
2024310149,INTAI
2024310149,MANAL3
2024310149,CIRC
2024310150,TOC
2024310150,OS
2024310150,ARCH
2024310150,SINF
2024310150,INTAI
2024310150,MANAL3
2024310150,CIRC
2024310151,TOC
2024310151,OS
2024310151,ARCH
2024310151,SINF
2024310151,INTAI
2024310151,MANAL3
2024310151,CIRC
2024310152,TOC
2024310152,OS
2024310152,ARCH
2024310152,SINF
2024310152,INTAI
2024310152,MANAL3
2024310152,CIRC
2024310153,TOC
2024310153,OS
2024310153,ARCH
2024310153,SINF
2024310153,INTAI
2024310153,MANAL3
2024310153,CIRC
2024310154,TOC
2024310154,OS
2024310154,ARCH
2024310154,SINF
2024310154,INTAI
2024310154,MANAL3
2024310154,CIRC
2024310155,TOC
2024310155,OS
2024310155,ARCH
2024310155,SINF
2024310155,INTAI
2024310155,MANAL3
2024310155,CIRC
2024310156,TOC
2024310156,OS
2024310156,ARCH
2024310156,SINF
2024310156,INTAI
2024310156,MANAL3
2024310156,CIRC
2024310157,TOC
2024310157,OS
2024310157,ARCH
2024310157,SINF
2024310157,INTAI
2024310157,MANAL3
2024310157,CIRC
2024310158,TOC
2024310158,OS
2024310158,ARCH
2024310158,SINF
2024310158,INTAI
2024310158,MANAL3
2024310158,CIRC
2024310159,TOC
2024310159,OS
2024310159,ARCH
2024310159,SINF
2024310159,INTAI
2024310159,MANAL3
2024310159,CIRC
2024310160,TOC
2024310160,OS
2024310160,ARCH
2024310160,SINF
2024310160,INTAI
2024310160,MANAL3
2024310160,CIRC
2024310161,TOC
2024310161,OS
2024310161,ARCH
2024310161,SINF
2024310161,INTAI
2024310161,MANAL3
2024310161,CIRC
2024310162,TOC
2024310162,OS
2024310162,ARCH
2024310162,SINF
2024310162,INTAI
2024310162,MANAL3
2024310162,CIRC
2024310163,TOC
2024310163,OS
2024310163,ARCH
2024310163,SINF
2024310163,INTAI
2024310163,MANAL3
2024310163,CIRC
2024310164,TOC
2024310164,OS
2024310164,ARCH
2024310164,SINF
2024310164,INTAI
2024310164,MANAL3
2024310164,CIRC
2024310165,TOC
2024310165,OS
2024310165,ARCH
2024310165,SINF
2024310165,INTAI
2024310165,MANAL3
2024310165,CIRC
2024310166,TOC
2024310166,OS
2024310166,ARCH
2024310166,SINF
2024310166,INTAI
2024310166,MANAL3
2024310166,CIRC
2024310167,TOC
2024310167,OS
2024310167,ARCH
2024310167,SINF
2024310167,INTAI
2024310167,MANAL3
2024310167,CIRC
2024310168,TOC
2024310168,OS
2024310168,ARCH
2024310168,SINF
2024310168,INTAI
2024310168,MANAL3
2024310168,CIRC
2024310169,TOC
2024310169,OS
2024310169,ARCH
2024310169,SINF
2024310169,INTAI
2024310169,MANAL3
2024310169,CIRC
2024310170,TOC
2024310170,OS
2024310170,ARCH
2024310170,SINF
2024310170,INTAI
2024310170,MANAL3
2024310170,CIRC
2024310171,TOC
2024310171,OS
2024310171,ARCH
2024310171,SINF
2024310171,INTAI
2024310171,MANAL3
2024310171,CIRC
2024310172,TOC
2024310172,OS
2024310172,ARCH
2024310172,SINF
2024310172,INTAI
2024310172,MANAL3
2024310172,CIRC
2024310173,TOC
2024310173,OS
2024310173,ARCH
2024310173,SINF
2024310173,INTAI
2024310173,MANAL3
2024310173,CIRC
2024310174,TOC
2024310174,OS
2024310174,ARCH
2024310174,SINF
2024310174,INTAI
2024310174,MANAL3
2024310174,CIRC
2024310175,TOC
2024310175,OS
2024310175,ARCH
2024310175,SINF
2024310175,INTAI
2024310175,MANAL3
2024310175,CIRC
2024310176,TOC
2024310176,OS
2024310176,ARCH
2024310176,SINF
2024310176,INTAI
2024310176,MANAL3
2024310176,CIRC
2024310177,TOC
2024310177,OS
2024310177,ARCH
2024310177,SINF
2024310177,INTAI
2024310177,MANAL3
2024310177,CIRC
2024310178,TOC
2024310178,OS
2024310178,ARCH
2024310178,SINF
2024310178,INTAI
2024310178,MANAL3
2024310178,CIRC
2024310179,TOC
2024310179,OS
2024310179,ARCH
2024310179,SINF
2024310179,INTAI
2024310179,MANAL3
2024310179,CIRC
2024310180,TOC
2024310180,OS
2024310180,ARCH
2024310180,SINF
2024310180,INTAI
2024310180,MANAL3
2024310180,CIRC
2024310181,TOC
2024310181,OS
2024310181,ARCH
2024310181,SINF
2024310181,INTAI
2024310181,MANAL3
2024310181,CIRC
2024310182,TOC
2024310182,OS
2024310182,ARCH
2024310182,SINF
2024310182,INTAI
2024310182,MANAL3
2024310182,CIRC
2024310183,TOC
2024310183,OS
2024310183,ARCH
2024310183,SINF
2024310183,INTAI
2024310183,MANAL3
2024310183,CIRC
2024310184,TOC
2024310184,OS
2024310184,ARCH
2024310184,SINF
2024310184,INTAI
2024310184,MANAL3
2024310184,CIRC
2024310185,TOC
2024310185,OS
2024310185,ARCH
2024310185,SINF
2024310185,INTAI
2024310185,MANAL3
2024310185,CIRC
2024310186,TOC
2024310186,OS
2024310186,ARCH
2024310186,SINF
2024310186,INTAI
2024310186,MANAL3
2024310186,CIRC
2024310187,TOC
2024310187,OS
2024310187,ARCH
2024310187,SINF
2024310187,INTAI
2024310187,MANAL3
2024310187,CIRC
2024310188,TOC
2024310188,OS
2024310188,ARCH
2024310188,SINF
2024310188,INTAI
2024310188,MANAL3
2024310188,CIRC
2024310189,TOC
2024310189,OS
2024310189,ARCH
2024310189,SINF
2024310189,INTAI
2024310189,MANAL3
2024310189,CIRC
2024310190,TOC
2024310190,OS
2024310190,ARCH
2024310190,SINF
2024310190,INTAI
2024310190,MANAL3
2024310190,CIRC
2024310191,TOC
2024310191,OS
2024310191,ARCH
2024310191,SINF
2024310191,INTAI
2024310191,MANAL3
2024310191,CIRC
2024310192,TOC
2024310192,OS
2024310192,ARCH
2024310192,SINF
2024310192,INTAI
2024310192,MANAL3
2024310192,CIRC
2024310193,TOC
2024310193,OS
2024310193,ARCH
2024310193,SINF
2024310193,INTAI
2024310193,MANAL3
2024310193,CIRC
2024310194,TOC
2024310194,OS
2024310194,ARCH
2024310194,SINF
2024310194,INTAI
2024310194,MANAL3
2024310194,CIRC
2024310195,TOC
2024310195,OS
2024310195,ARCH
2024310195,SINF
2024310195,INTAI
2024310195,MANAL3
2024310195,CIRC
2024310196,TOC
2024310196,OS
2024310196,ARCH
2024310196,SINF
2024310196,INTAI
2024310196,MANAL3
2024310196,CIRC
2024310197,TOC
2024310197,OS
2024310197,ARCH
2024310197,SINF
2024310197,INTAI
2024310197,MANAL3
2024310197,CIRC
2024310198,TOC
2024310198,OS
2024310198,ARCH
2024310198,SINF
2024310198,INTAI
2024310198,MANAL3
2024310198,CIRC
2024310199,TOC
2024310199,OS
2024310199,ARCH
2024310199,SINF
2024310199,INTAI
2024310199,MANAL3
2024310199,CIRC
2024310200,TOC
2024310200,OS
2024310200,ARCH
2024310200,SINF
2024310200,INTAI
2024310200,MANAL3
2024310200,CIRC
2023310001,ML
2023310001,NUMOPT
2023310001,TSAC
2023310001,ADVDB
2023310001,SEC
2023310001,PM
2023310002,ML
2023310002,NUMOPT
2023310002,TSAC
2023310002,ADVDB
2023310002,SEC
2023310002,PM
2023310003,ML
2023310003,NUMOPT
2023310003,TSAC
2023310003,ADVDB
2023310003,SEC
2023310003,PM
2023310004,ML
2023310004,NUMOPT
2023310004,TSAC
2023310004,ADVDB
2023310004,SEC
2023310004,PM
2023310005,ML
2023310005,NUMOPT
2023310005,TSAC
2023310005,ADVDB
2023310005,SEC
2023310005,PM
2023310006,ML
2023310006,NUMOPT
2023310006,TSAC
2023310006,ADVDB
2023310006,SEC
2023310006,PM
2023310007,ML
2023310007,NUMOPT
2023310007,TSAC
2023310007,ADVDB
2023310007,SEC
2023310007,PM
2023310008,ML
2023310008,NUMOPT
2023310008,TSAC
2023310008,ADVDB
2023310008,SEC
2023310008,PM
2023310009,ML
2023310009,NUMOPT
2023310009,TSAC
2023310009,ADVDB
2023310009,SEC
2023310009,PM
2023310010,ML
2023310010,NUMOPT
2023310010,TSAC
2023310010,ADVDB
2023310010,SEC
2023310010,PM
2023310011,ML
2023310011,NUMOPT
2023310011,TSAC
2023310011,ADVDB
2023310011,SEC
2023310011,PM
2023310012,ML
2023310012,NUMOPT
2023310012,TSAC
2023310012,ADVDB
2023310012,SEC
2023310012,PM
2023310013,ML
2023310013,NUMOPT
2023310013,TSAC
2023310013,ADVDB
2023310013,SEC
2023310013,PM
2023310014,ML
2023310014,NUMOPT
2023310014,TSAC
2023310014,ADVDB
2023310014,SEC
2023310014,PM
2023310015,ML
2023310015,NUMOPT
2023310015,TSAC
2023310015,ADVDB
2023310015,SEC
2023310015,PM
2023310016,ML
2023310016,NUMOPT
2023310016,TSAC
2023310016,ADVDB
2023310016,SEC
2023310016,PM
2023310017,ML
2023310017,NUMOPT
2023310017,TSAC
2023310017,ADVDB
2023310017,SEC
2023310017,PM
2023310018,ML
2023310018,NUMOPT
2023310018,TSAC
2023310018,ADVDB
2023310018,SEC
2023310018,PM
2023310019,ML
2023310019,NUMOPT
2023310019,TSAC
2023310019,ADVDB
2023310019,SEC
2023310019,PM
2023310020,ML
2023310020,NUMOPT
2023310020,TSAC
2023310020,ADVDB
2023310020,SEC
2023310020,PM
2023310021,ML
2023310021,NUMOPT
2023310021,TSAC
2023310021,ADVDB
2023310021,SEC
2023310021,PM
2023310022,ML
2023310022,NUMOPT
2023310022,TSAC
2023310022,ADVDB
2023310022,SEC
2023310022,PM
2023310023,ML
2023310023,NUMOPT
2023310023,TSAC
2023310023,ADVDB
2023310023,SEC
2023310023,PM
2023310024,ML
2023310024,NUMOPT
2023310024,TSAC
2023310024,ADVDB
2023310024,SEC
2023310024,PM
2023310025,ML
2023310025,NUMOPT
2023310025,TSAC
2023310025,ADVDB
2023310025,SEC
2023310025,PM
2023310026,ML
2023310026,NUMOPT
2023310026,TSAC
2023310026,ADVDB
2023310026,SEC
2023310026,PM
2023310027,ML
2023310027,NUMOPT
2023310027,TSAC
2023310027,ADVDB
2023310027,SEC
2023310027,PM
2023310028,ML
2023310028,NUMOPT
2023310028,TSAC
2023310028,ADVDB
2023310028,SEC
2023310028,PM
2023310029,ML
2023310029,NUMOPT
2023310029,TSAC
2023310029,ADVDB
2023310029,SEC
2023310029,PM
2023310030,ML
2023310030,NUMOPT
2023310030,TSAC
2023310030,ADVDB
2023310030,SEC
2023310030,PM
2023310031,ML
2023310031,NUMOPT
2023310031,TSAC
2023310031,ADVDB
2023310031,SEC
2023310031,PM
2023310032,ML
2023310032,NUMOPT
2023310032,TSAC
2023310032,ADVDB
2023310032,SEC
2023310032,PM
2023310033,ML
2023310033,NUMOPT
2023310033,TSAC
2023310033,ADVDB
2023310033,SEC
2023310033,PM
2023310034,ML
2023310034,NUMOPT
2023310034,TSAC
2023310034,ADVDB
2023310034,SEC
2023310034,PM
2023310035,ML
2023310035,NUMOPT
2023310035,TSAC
2023310035,ADVDB
2023310035,SEC
2023310035,PM
2023310036,ML
2023310036,NUMOPT
2023310036,TSAC
2023310036,ADVDB
2023310036,SEC
2023310036,PM
2023310037,ML
2023310037,NUMOPT
2023310037,TSAC
2023310037,ADVDB
2023310037,SEC
2023310037,PM
2023310038,ML
2023310038,NUMOPT
2023310038,TSAC
2023310038,ADVDB
2023310038,SEC
2023310038,PM
2023310039,ML
2023310039,NUMOPT
2023310039,TSAC
2023310039,ADVDB
2023310039,SEC
2023310039,PM
2023310040,ML
2023310040,NUMOPT
2023310040,TSAC
2023310040,ADVDB
2023310040,SEC
2023310040,PM
2023310041,ML
2023310041,NUMOPT
2023310041,TSAC
2023310041,ADVDB
2023310041,SEC
2023310041,PM
2023310042,ML
2023310042,NUMOPT
2023310042,TSAC
2023310042,ADVDB
2023310042,SEC
2023310042,PM
2023310043,ML
2023310043,NUMOPT
2023310043,TSAC
2023310043,ADVDB
2023310043,SEC
2023310043,PM
2023310044,ML
2023310044,NUMOPT
2023310044,TSAC
2023310044,ADVDB
2023310044,SEC
2023310044,PM
2023310045,ML
2023310045,NUMOPT
2023310045,TSAC
2023310045,ADVDB
2023310045,SEC
2023310045,PM
2023310046,ML
2023310046,NUMOPT
2023310046,TSAC
2023310046,ADVDB
2023310046,SEC
2023310046,PM
2023310047,ML
2023310047,NUMOPT
2023310047,TSAC
2023310047,ADVDB
2023310047,SEC
2023310047,PM
2023310048,ML
2023310048,NUMOPT
2023310048,TSAC
2023310048,ADVDB
2023310048,SEC
2023310048,PM
2023310049,ML
2023310049,NUMOPT
2023310049,TSAC
2023310049,ADVDB
2023310049,SEC
2023310049,PM
2023310050,ML
2023310050,NUMOPT
2023310050,TSAC
2023310050,ADVDB
2023310050,SEC
2023310050,PM
2023310051,ML
2023310051,NUMOPT
2023310051,TSAC
2023310051,ADVDB
2023310051,SEC
2023310051,PM
2023310052,ML
2023310052,NUMOPT
2023310052,TSAC
2023310052,ADVDB
2023310052,SEC
2023310052,PM
2023310053,ML
2023310053,NUMOPT
2023310053,TSAC
2023310053,ADVDB
2023310053,SEC
2023310053,PM
2023310054,ML
2023310054,NUMOPT
2023310054,TSAC
2023310054,ADVDB
2023310054,SEC
2023310054,PM
2023310055,ML
2023310055,NUMOPT
2023310055,TSAC
2023310055,ADVDB
2023310055,SEC
2023310055,PM
2023310056,ML
2023310056,NUMOPT
2023310056,TSAC
2023310056,ADVDB
2023310056,SEC
2023310056,PM
2023310057,ML
2023310057,NUMOPT
2023310057,TSAC
2023310057,ADVDB
2023310057,SEC
2023310057,PM
2023310058,ML
2023310058,NUMOPT
2023310058,TSAC
2023310058,ADVDB
2023310058,SEC
2023310058,PM
2023310059,ML
2023310059,NUMOPT
2023310059,TSAC
2023310059,ADVDB
2023310059,SEC
2023310059,PM
2023310060,ML
2023310060,NUMOPT
2023310060,TSAC
2023310060,ADVDB
2023310060,SEC
2023310060,PM
2023310061,ML
2023310061,NUMOPT
2023310061,TSAC
2023310061,ADVDB
2023310061,SEC
2023310061,PM
2023310062,ML
2023310062,NUMOPT
2023310062,TSAC
2023310062,ADVDB
2023310062,SEC
2023310062,PM
2023310063,ML
2023310063,NUMOPT
2023310063,TSAC
2023310063,ADVDB
2023310063,SEC
2023310063,PM
2023310064,ML
2023310064,NUMOPT
2023310064,TSAC
2023310064,ADVDB
2023310064,SEC
2023310064,PM
2023310065,ML
2023310065,NUMOPT
2023310065,TSAC
2023310065,ADVDB
2023310065,SEC
2023310065,PM
2023310066,ML
2023310066,NUMOPT
2023310066,TSAC
2023310066,ADVDB
2023310066,SEC
2023310066,PM
2023310067,ML
2023310067,NUMOPT
2023310067,TSAC
2023310067,ADVDB
2023310067,SEC
2023310067,PM
2023310068,ML
2023310068,NUMOPT
2023310068,TSAC
2023310068,ADVDB
2023310068,SEC
2023310068,PM
2023310069,ML
2023310069,NUMOPT
2023310069,TSAC
2023310069,ADVDB
2023310069,SEC
2023310069,PM
2023310070,ML
2023310070,NUMOPT
2023310070,TSAC
2023310070,ADVDB
2023310070,SEC
2023310070,PM
2023310071,ML
2023310071,NUMOPT
2023310071,TSAC
2023310071,ADVDB
2023310071,SEC
2023310071,PM
2023310072,ML
2023310072,NUMOPT
2023310072,TSAC
2023310072,ADVDB
2023310072,SEC
2023310072,PM
2023310073,ML
2023310073,NUMOPT
2023310073,TSAC
2023310073,ADVDB
2023310073,SEC
2023310073,PM
2023310074,ML
2023310074,NUMOPT
2023310074,TSAC
2023310074,ADVDB
2023310074,SEC
2023310074,PM
2023310075,ML
2023310075,NUMOPT
2023310075,TSAC
2023310075,ADVDB
2023310075,SEC
2023310075,PM
2023310076,ML
2023310076,NUMOPT
2023310076,TSAC
2023310076,ADVDB
2023310076,SEC
2023310076,PM
2023310077,ML
2023310077,NUMOPT
2023310077,TSAC
2023310077,ADVDB
2023310077,SEC
2023310077,PM
2023310078,ML
2023310078,NUMOPT
2023310078,TSAC
2023310078,ADVDB
2023310078,SEC
2023310078,PM
2023310079,ML
2023310079,NUMOPT
2023310079,TSAC
2023310079,ADVDB
2023310079,SEC
2023310079,PM
2023310080,ML
2023310080,NUMOPT
2023310080,TSAC
2023310080,ADVDB
2023310080,SEC
2023310080,PM
2023310081,ML
2023310081,NUMOPT
2023310081,TSAC
2023310081,ADVDB
2023310081,SEC
2023310081,PM
2023310082,ML
2023310082,NUMOPT
2023310082,TSAC
2023310082,ADVDB
2023310082,SEC
2023310082,PM
2023310083,ML
2023310083,NUMOPT
2023310083,TSAC
2023310083,ADVDB
2023310083,SEC
2023310083,PM
2023310084,ML
2023310084,NUMOPT
2023310084,TSAC
2023310084,ADVDB
2023310084,SEC
2023310084,PM
2023310085,ML
2023310085,NUMOPT
2023310085,TSAC
2023310085,ADVDB
2023310085,SEC
2023310085,PM
2023310086,ML
2023310086,NUMOPT
2023310086,TSAC
2023310086,ADVDB
2023310086,SEC
2023310086,PM
2023310087,ML
2023310087,NUMOPT
2023310087,TSAC
2023310087,ADVDB
2023310087,SEC
2023310087,PM
2023310088,ML
2023310088,NUMOPT
2023310088,TSAC
2023310088,ADVDB
2023310088,SEC
2023310088,PM
2023310089,ML
2023310089,NUMOPT
2023310089,TSAC
2023310089,ADVDB
2023310089,SEC
2023310089,PM
2023310090,ML
2023310090,NUMOPT
2023310090,TSAC
2023310090,ADVDB
2023310090,SEC
2023310090,PM
2023310091,ML
2023310091,NUMOPT
2023310091,TSAC
2023310091,ADVDB
2023310091,SEC
2023310091,PM
2023310092,ML
2023310092,NUMOPT
2023310092,TSAC
2023310092,ADVDB
2023310092,SEC
2023310092,PM
2023310093,ML
2023310093,NUMOPT
2023310093,TSAC
2023310093,ADVDB
2023310093,SEC
2023310093,PM
2023310094,ML
2023310094,NUMOPT
2023310094,TSAC
2023310094,ADVDB
2023310094,SEC
2023310094,PM
2023310095,ML
2023310095,NUMOPT
2023310095,TSAC
2023310095,ADVDB
2023310095,SEC
2023310095,PM
2023310096,ML
2023310096,NUMOPT
2023310096,TSAC
2023310096,ADVDB
2023310096,SEC
2023310096,PM
2023310097,ML
2023310097,NUMOPT
2023310097,TSAC
2023310097,ADVDB
2023310097,SEC
2023310097,PM
2023310098,ML
2023310098,NUMOPT
2023310098,TSAC
2023310098,ADVDB
2023310098,SEC
2023310098,PM
2023310099,ML
2023310099,NUMOPT
2023310099,TSAC
2023310099,ADVDB
2023310099,SEC
2023310099,PM
2023310100,ML
2023310100,NUMOPT
2023310100,TSAC
2023310100,ADVDB
2023310100,SEC
2023310100,PM
2023310101,ML
2023310101,NUMOPT
2023310101,TSAC
2023310101,ADVDB
2023310101,SEC
2023310101,PM
2023310102,ML
2023310102,NUMOPT
2023310102,TSAC
2023310102,ADVDB
2023310102,SEC
2023310102,PM
2023310103,ML
2023310103,NUMOPT
2023310103,TSAC
2023310103,ADVDB
2023310103,SEC
2023310103,PM
2023310104,ML
2023310104,NUMOPT
2023310104,TSAC
2023310104,ADVDB
2023310104,SEC
2023310104,PM
2023310105,ML
2023310105,NUMOPT
2023310105,TSAC
2023310105,ADVDB
2023310105,SEC
2023310105,PM
2023310106,ML
2023310106,NUMOPT
2023310106,TSAC
2023310106,ADVDB
2023310106,SEC
2023310106,PM
2023310107,ML
2023310107,NUMOPT
2023310107,TSAC
2023310107,ADVDB
2023310107,SEC
2023310107,PM
2023310108,ML
2023310108,NUMOPT
2023310108,TSAC
2023310108,ADVDB
2023310108,SEC
2023310108,PM
2023310109,ML
2023310109,NUMOPT
2023310109,TSAC
2023310109,ADVDB
2023310109,SEC
2023310109,PM
2023310110,ML
2023310110,NUMOPT
2023310110,TSAC
2023310110,ADVDB
2023310110,SEC
2023310110,PM
2023310111,ML
2023310111,NUMOPT
2023310111,TSAC
2023310111,ADVDB
2023310111,SEC
2023310111,PM
2023310112,ML
2023310112,NUMOPT
2023310112,TSAC
2023310112,ADVDB
2023310112,SEC
2023310112,PM
2023310113,ML
2023310113,NUMOPT
2023310113,TSAC
2023310113,ADVDB
2023310113,SEC
2023310113,PM
2023310114,ML
2023310114,NUMOPT
2023310114,TSAC
2023310114,ADVDB
2023310114,SEC
2023310114,PM
2023310115,ML
2023310115,NUMOPT
2023310115,TSAC
2023310115,ADVDB
2023310115,SEC
2023310115,PM
2023310116,ML
2023310116,NUMOPT
2023310116,TSAC
2023310116,ADVDB
2023310116,SEC
2023310116,PM
2023310117,ML
2023310117,NUMOPT
2023310117,TSAC
2023310117,ADVDB
2023310117,SEC
2023310117,PM
2023310118,ML
2023310118,NUMOPT
2023310118,TSAC
2023310118,ADVDB
2023310118,SEC
2023310118,PM
2023310119,ML
2023310119,NUMOPT
2023310119,TSAC
2023310119,ADVDB
2023310119,SEC
2023310119,PM
2023310120,ML
2023310120,NUMOPT
2023310120,TSAC
2023310120,ADVDB
2023310120,SEC
2023310120,PM
2023310121,ML
2023310121,NUMOPT
2023310121,TSAC
2023310121,ADVDB
2023310121,SEC
2023310121,PM
2023310122,ML
2023310122,NUMOPT
2023310122,TSAC
2023310122,ADVDB
2023310122,SEC
2023310122,PM
2023310123,ML
2023310123,NUMOPT
2023310123,TSAC
2023310123,ADVDB
2023310123,SEC
2023310123,PM
2023310124,ML
2023310124,NUMOPT
2023310124,TSAC
2023310124,ADVDB
2023310124,SEC
2023310124,PM
2023310125,ML
2023310125,NUMOPT
2023310125,TSAC
2023310125,ADVDB
2023310125,SEC
2023310125,PM
2023310126,ML
2023310126,NUMOPT
2023310126,TSAC
2023310126,ADVDB
2023310126,SEC
2023310126,PM
2023310127,ML
2023310127,NUMOPT
2023310127,TSAC
2023310127,ADVDB
2023310127,SEC
2023310127,PM
2023310128,ML
2023310128,NUMOPT
2023310128,TSAC
2023310128,ADVDB
2023310128,SEC
2023310128,PM
2023310129,ML
2023310129,NUMOPT
2023310129,TSAC
2023310129,ADVDB
2023310129,SEC
2023310129,PM
2023310130,ML
2023310130,NUMOPT
2023310130,TSAC
2023310130,ADVDB
2023310130,SEC
2023310130,PM
2023310131,ML
2023310131,NUMOPT
2023310131,TSAC
2023310131,ADVDB
2023310131,SEC
2023310131,PM
2023310132,ML
2023310132,NUMOPT
2023310132,TSAC
2023310132,ADVDB
2023310132,SEC
2023310132,PM
2023310133,ML
2023310133,NUMOPT
2023310133,TSAC
2023310133,ADVDB
2023310133,SEC
2023310133,PM
2023310134,ML
2023310134,NUMOPT
2023310134,TSAC
2023310134,ADVDB
2023310134,SEC
2023310134,PM
2023310135,ML
2023310135,NUMOPT
2023310135,TSAC
2023310135,ADVDB
2023310135,SEC
2023310135,PM
2023310136,ML
2023310136,NUMOPT
2023310136,TSAC
2023310136,ADVDB
2023310136,SEC
2023310136,PM
2023310137,ML
2023310137,NUMOPT
2023310137,TSAC
2023310137,ADVDB
2023310137,SEC
2023310137,PM
2023310138,ML
2023310138,NUMOPT
2023310138,TSAC
2023310138,ADVDB
2023310138,SEC
2023310138,PM
2023310139,ML
2023310139,NUMOPT
2023310139,TSAC
2023310139,ADVDB
2023310139,SEC
2023310139,PM
2023310140,ML
2023310140,NUMOPT
2023310140,TSAC
2023310140,ADVDB
2023310140,SEC
2023310140,PM
2023310141,ML
2023310141,NUMOPT
2023310141,TSAC
2023310141,ADVDB
2023310141,SEC
2023310141,PM
2023310142,ML
2023310142,NUMOPT
2023310142,TSAC
2023310142,ADVDB
2023310142,SEC
2023310142,PM
2023310143,ML
2023310143,NUMOPT
2023310143,TSAC
2023310143,ADVDB
2023310143,SEC
2023310143,PM
2023310144,ML
2023310144,NUMOPT
2023310144,TSAC
2023310144,ADVDB
2023310144,SEC
2023310144,PM
2023310145,ML
2023310145,NUMOPT
2023310145,TSAC
2023310145,ADVDB
2023310145,SEC
2023310145,PM
2023310146,ML
2023310146,NUMOPT
2023310146,TSAC
2023310146,ADVDB
2023310146,SEC
2023310146,PM
2023310147,ML
2023310147,NUMOPT
2023310147,TSAC
2023310147,ADVDB
2023310147,SEC
2023310147,PM
2023310148,ML
2023310148,NUMOPT
2023310148,TSAC
2023310148,ADVDB
2023310148,SEC
2023310148,PM
2023310149,ML
2023310149,NUMOPT
2023310149,TSAC
2023310149,ADVDB
2023310149,SEC
2023310149,PM
2023310150,ML
2023310150,NUMOPT
2023310150,TSAC
2023310150,ADVDB
2023310150,SEC
2023310150,PM
2023310151,ML
2023310151,NUMOPT
2023310151,TSAC
2023310151,ADVDB
2023310151,SEC
2023310151,PM
2023310152,ML
2023310152,NUMOPT
2023310152,TSAC
2023310152,ADVDB
2023310152,SEC
2023310152,PM
2023310153,ML
2023310153,NUMOPT
2023310153,TSAC
2023310153,ADVDB
2023310153,SEC
2023310153,PM
2023310154,ML
2023310154,NUMOPT
2023310154,TSAC
2023310154,ADVDB
2023310154,SEC
2023310154,PM
2023310155,ML
2023310155,NUMOPT
2023310155,TSAC
2023310155,ADVDB
2023310155,SEC
2023310155,PM
2023310156,ML
2023310156,NUMOPT
2023310156,TSAC
2023310156,ADVDB
2023310156,SEC
2023310156,PM
2023310157,ML
2023310157,NUMOPT
2023310157,TSAC
2023310157,ADVDB
2023310157,SEC
2023310157,PM
2023310158,ML
2023310158,NUMOPT
2023310158,TSAC
2023310158,ADVDB
2023310158,SEC
2023310158,PM
2023310159,ML
2023310159,NUMOPT
2023310159,TSAC
2023310159,ADVDB
2023310159,SEC
2023310159,PM
2023310160,ML
2023310160,NUMOPT
2023310160,TSAC
2023310160,ADVDB
2023310160,SEC
2023310160,PM
2023310161,ML
2023310161,NUMOPT
2023310161,TSAC
2023310161,ADVDB
2023310161,SEC
2023310161,PM
2023310162,ML
2023310162,NUMOPT
2023310162,TSAC
2023310162,ADVDB
2023310162,SEC
2023310162,PM
2023310163,ML
2023310163,NUMOPT
2023310163,TSAC
2023310163,ADVDB
2023310163,SEC
2023310163,PM
2023310164,ML
2023310164,NUMOPT
2023310164,TSAC
2023310164,ADVDB
2023310164,SEC
2023310164,PM
2023310165,ML
2023310165,NUMOPT
2023310165,TSAC
2023310165,ADVDB
2023310165,SEC
2023310165,PM
2023310166,ML
2023310166,NUMOPT
2023310166,TSAC
2023310166,ADVDB
2023310166,SEC
2023310166,PM
2023310167,ML
2023310167,NUMOPT
2023310167,TSAC
2023310167,ADVDB
2023310167,SEC
2023310167,PM
2023310168,ML
2023310168,NUMOPT
2023310168,TSAC
2023310168,ADVDB
2023310168,SEC
2023310168,PM
2023310169,ML
2023310169,NUMOPT
2023310169,TSAC
2023310169,ADVDB
2023310169,SEC
2023310169,PM
2023310170,ML
2023310170,NUMOPT
2023310170,TSAC
2023310170,ADVDB
2023310170,SEC
2023310170,PM
2023310171,ML
2023310171,NUMOPT
2023310171,TSAC
2023310171,ADVDB
2023310171,SEC
2023310171,PM
2023310172,ML
2023310172,NUMOPT
2023310172,TSAC
2023310172,ADVDB
2023310172,SEC
2023310172,PM
2023310173,ML
2023310173,NUMOPT
2023310173,TSAC
2023310173,ADVDB
2023310173,SEC
2023310173,PM
2023310174,ML
2023310174,NUMOPT
2023310174,TSAC
2023310174,ADVDB
2023310174,SEC
2023310174,PM
2023310175,ML
2023310175,NUMOPT
2023310175,TSAC
2023310175,ADVDB
2023310175,SEC
2023310175,PM
2023310176,ML
2023310176,NUMOPT
2023310176,TSAC
2023310176,ADVDB
2023310176,SEC
2023310176,PM
2023310177,ML
2023310177,NUMOPT
2023310177,TSAC
2023310177,ADVDB
2023310177,SEC
2023310177,PM
2023310178,ML
2023310178,NUMOPT
2023310178,TSAC
2023310178,ADVDB
2023310178,SEC
2023310178,PM
2023310179,ML
2023310179,NUMOPT
2023310179,TSAC
2023310179,ADVDB
2023310179,SEC
2023310179,PM
2023310180,ML
2023310180,NUMOPT
2023310180,TSAC
2023310180,ADVDB
2023310180,SEC
2023310180,PM
2022310001,CV
2022310001,BDAV
2022310001,RL
2022310001,SPEECH
2022310001,HPC
2022310001,ENTCOMP
2022310001,ACR
2022310002,CV
2022310002,BDAV
2022310002,RL
2022310002,SPEECH
2022310002,HPC
2022310002,ENTCOMP
2022310002,ACR
2022310003,CV
2022310003,BDAV
2022310003,RL
2022310003,SPEECH
2022310003,HPC
2022310003,ENTCOMP
2022310003,ACR
2022310004,CV
2022310004,BDAV
2022310004,RL
2022310004,SPEECH
2022310004,HPC
2022310004,ENTCOMP
2022310004,ACR
2022310005,CV
2022310005,BDAV
2022310005,RL
2022310005,SPEECH
2022310005,HPC
2022310005,ENTCOMP
2022310005,ACR
2022310006,CV
2022310006,BDAV
2022310006,RL
2022310006,SPEECH
2022310006,HPC
2022310006,ENTCOMP
2022310006,ACR
2022310007,CV
2022310007,BDAV
2022310007,RL
2022310007,SPEECH
2022310007,HPC
2022310007,ENTCOMP
2022310007,ACR
2022310008,CV
2022310008,BDAV
2022310008,RL
2022310008,SPEECH
2022310008,HPC
2022310008,ENTCOMP
2022310008,ACR
2022310009,CV
2022310009,BDAV
2022310009,RL
2022310009,SPEECH
2022310009,HPC
2022310009,ENTCOMP
2022310009,ACR
2022310010,CV
2022310010,BDAV
2022310010,RL
2022310010,SPEECH
2022310010,HPC
2022310010,ENTCOMP
2022310010,ACR
2022310011,CV
2022310011,BDAV
2022310011,RL
2022310011,SPEECH
2022310011,HPC
2022310011,ENTCOMP
2022310011,ACR
2022310012,CV
2022310012,BDAV
2022310012,RL
2022310012,SPEECH
2022310012,HPC
2022310012,ENTCOMP
2022310012,ACR
2022310013,CV
2022310013,BDAV
2022310013,RL
2022310013,SPEECH
2022310013,HPC
2022310013,ENTCOMP
2022310013,ACR
2022310014,CV
2022310014,BDAV
2022310014,RL
2022310014,SPEECH
2022310014,HPC
2022310014,ENTCOMP
2022310014,ACR
2022310015,CV
2022310015,BDAV
2022310015,RL
2022310015,SPEECH
2022310015,HPC
2022310015,ENTCOMP
2022310015,ACR
2022310016,CV
2022310016,BDAV
2022310016,RL
2022310016,SPEECH
2022310016,HPC
2022310016,ENTCOMP
2022310016,ACR
2022310017,CV
2022310017,BDAV
2022310017,RL
2022310017,SPEECH
2022310017,HPC
2022310017,ENTCOMP
2022310017,ACR
2022310018,CV
2022310018,BDAV
2022310018,RL
2022310018,SPEECH
2022310018,HPC
2022310018,ENTCOMP
2022310018,ACR
2022310019,CV
2022310019,BDAV
2022310019,RL
2022310019,SPEECH
2022310019,HPC
2022310019,ENTCOMP
2022310019,ACR
2022310020,CV
2022310020,BDAV
2022310020,RL
2022310020,SPEECH
2022310020,HPC
2022310020,ENTCOMP
2022310020,ACR
2022310021,CV
2022310021,BDAV
2022310021,RL
2022310021,SPEECH
2022310021,HPC
2022310021,ENTCOMP
2022310021,ACR
2022310022,CV
2022310022,BDAV
2022310022,RL
2022310022,SPEECH
2022310022,HPC
2022310022,ENTCOMP
2022310022,ACR
2022310023,CV
2022310023,BDAV
2022310023,RL
2022310023,SPEECH
2022310023,HPC
2022310023,ENTCOMP
2022310023,ACR
2022310024,CV
2022310024,BDAV
2022310024,RL
2022310024,SPEECH
2022310024,HPC
2022310024,ENTCOMP
2022310024,ACR
2022310025,CV
2022310025,BDAV
2022310025,RL
2022310025,SPEECH
2022310025,HPC
2022310025,ENTCOMP
2022310025,ACR
2022310026,CV
2022310026,BDAV
2022310026,RL
2022310026,SPEECH
2022310026,HPC
2022310026,ENTCOMP
2022310026,ACR
2022310027,CV
2022310027,BDAV
2022310027,RL
2022310027,SPEECH
2022310027,HPC
2022310027,ENTCOMP
2022310027,ACR
2022310028,CV
2022310028,BDAV
2022310028,RL
2022310028,SPEECH
2022310028,HPC
2022310028,ENTCOMP
2022310028,ACR
2022310029,CV
2022310029,BDAV
2022310029,RL
2022310029,SPEECH
2022310029,HPC
2022310029,ENTCOMP
2022310029,ACR
2022310030,CV
2022310030,BDAV
2022310030,RL
2022310030,SPEECH
2022310030,HPC
2022310030,ENTCOMP
2022310030,ACR
2022310031,CV
2022310031,BDAV
2022310031,RL
2022310031,SPEECH
2022310031,HPC
2022310031,ENTCOMP
2022310031,ACR
2022310032,CV
2022310032,BDAV
2022310032,RL
2022310032,SPEECH
2022310032,HPC
2022310032,ENTCOMP
2022310032,ACR
2022310033,CV
2022310033,BDAV
2022310033,RL
2022310033,SPEECH
2022310033,HPC
2022310033,ENTCOMP
2022310033,ACR
2022310034,CV
2022310034,BDAV
2022310034,RL
2022310034,SPEECH
2022310034,HPC
2022310034,ENTCOMP
2022310034,ACR
2022310035,CV
2022310035,BDAV
2022310035,RL
2022310035,SPEECH
2022310035,HPC
2022310035,ENTCOMP
2022310035,ACR
2022310036,CV
2022310036,BDAV
2022310036,RL
2022310036,SPEECH
2022310036,HPC
2022310036,ENTCOMP
2022310036,ACR
2022310037,CV
2022310037,BDAV
2022310037,RL
2022310037,SPEECH
2022310037,HPC
2022310037,ENTCOMP
2022310037,ACR
2022310038,CV
2022310038,BDAV
2022310038,RL
2022310038,SPEECH
2022310038,HPC
2022310038,ENTCOMP
2022310038,ACR
2022310039,CV
2022310039,BDAV
2022310039,RL
2022310039,SPEECH
2022310039,HPC
2022310039,ENTCOMP
2022310039,ACR
2022310040,CV
2022310040,BDAV
2022310040,RL
2022310040,SPEECH
2022310040,HPC
2022310040,ENTCOMP
2022310040,ACR
2022310041,CV
2022310041,BDAV
2022310041,RL
2022310041,SPEECH
2022310041,HPC
2022310041,ENTCOMP
2022310041,ACR
2022310042,CV
2022310042,BDAV
2022310042,RL
2022310042,SPEECH
2022310042,HPC
2022310042,ENTCOMP
2022310042,ACR
2022310043,CV
2022310043,BDAV
2022310043,RL
2022310043,SPEECH
2022310043,HPC
2022310043,ENTCOMP
2022310043,ACR
2022310044,CV
2022310044,BDAV
2022310044,RL
2022310044,SPEECH
2022310044,HPC
2022310044,ENTCOMP
2022310044,ACR
2022310045,CV
2022310045,BDAV
2022310045,RL
2022310045,SPEECH
2022310045,HPC
2022310045,ENTCOMP
2022310045,ACR
2022310046,CV
2022310046,BDAV
2022310046,RL
2022310046,SPEECH
2022310046,HPC
2022310046,ENTCOMP
2022310046,ACR
2022310047,CV
2022310047,BDAV
2022310047,RL
2022310047,SPEECH
2022310047,HPC
2022310047,ENTCOMP
2022310047,ACR
2022310048,CV
2022310048,BDAV
2022310048,RL
2022310048,SPEECH
2022310048,HPC
2022310048,ENTCOMP
2022310048,ACR
2022310049,CV
2022310049,BDAV
2022310049,RL
2022310049,SPEECH
2022310049,HPC
2022310049,ENTCOMP
2022310049,ACR
2022310050,CV
2022310050,BDAV
2022310050,RL
2022310050,SPEECH
2022310050,HPC
2022310050,ENTCOMP
2022310050,ACR
2022310051,CV
2022310051,BDAV
2022310051,RL
2022310051,SPEECH
2022310051,HPC
2022310051,ENTCOMP
2022310051,ACR
2022310052,CV
2022310052,BDAV
2022310052,RL
2022310052,SPEECH
2022310052,HPC
2022310052,ENTCOMP
2022310052,ACR
2022310053,CV
2022310053,BDAV
2022310053,RL
2022310053,SPEECH
2022310053,HPC
2022310053,ENTCOMP
2022310053,ACR
2022310054,CV
2022310054,BDAV
2022310054,RL
2022310054,SPEECH
2022310054,HPC
2022310054,ENTCOMP
2022310054,ACR
2022310055,CV
2022310055,BDAV
2022310055,RL
2022310055,SPEECH
2022310055,HPC
2022310055,ENTCOMP
2022310055,ACR
2022310056,CV
2022310056,BDAV
2022310056,RL
2022310056,SPEECH
2022310056,HPC
2022310056,ENTCOMP
2022310056,ACR
2022310057,CV
2022310057,BDAV
2022310057,RL
2022310057,SPEECH
2022310057,HPC
2022310057,ENTCOMP
2022310057,ACR
2022310058,CV
2022310058,BDAV
2022310058,RL
2022310058,SPEECH
2022310058,HPC
2022310058,ENTCOMP
2022310058,ACR
2022310059,CV
2022310059,BDAV
2022310059,RL
2022310059,SPEECH
2022310059,HPC
2022310059,ENTCOMP
2022310059,ACR
2022310060,CV
2022310060,BDAV
2022310060,RL
2022310060,SPEECH
2022310060,HPC
2022310060,ENTCOMP
2022310060,ACR
2022310061,CV
2022310061,BDAV
2022310061,RL
2022310061,SPEECH
2022310061,HPC
2022310061,ENTCOMP
2022310061,ACR
2022310062,CV
2022310062,BDAV
2022310062,RL
2022310062,SPEECH
2022310062,HPC
2022310062,ENTCOMP
2022310062,ACR
2022310063,CV
2022310063,BDAV
2022310063,RL
2022310063,SPEECH
2022310063,HPC
2022310063,ENTCOMP
2022310063,ACR
2022310064,CV
2022310064,BDAV
2022310064,RL
2022310064,SPEECH
2022310064,HPC
2022310064,ENTCOMP
2022310064,ACR
2022310065,CV
2022310065,BDAV
2022310065,RL
2022310065,SPEECH
2022310065,HPC
2022310065,ENTCOMP
2022310065,ACR
2022310066,CV
2022310066,BDAV
2022310066,RL
2022310066,SPEECH
2022310066,HPC
2022310066,ENTCOMP
2022310066,ACR
2022310067,CV
2022310067,BDAV
2022310067,RL
2022310067,SPEECH
2022310067,HPC
2022310067,ENTCOMP
2022310067,ACR
2022310068,CV
2022310068,BDAV
2022310068,RL
2022310068,SPEECH
2022310068,HPC
2022310068,ENTCOMP
2022310068,ACR
2022310069,CV
2022310069,BDAV
2022310069,RL
2022310069,SPEECH
2022310069,HPC
2022310069,ENTCOMP
2022310069,ACR
2022310070,CV
2022310070,BDAV
2022310070,RL
2022310070,SPEECH
2022310070,HPC
2022310070,ENTCOMP
2022310070,ACR
2022310071,CV
2022310071,BDAV
2022310071,RL
2022310071,SPEECH
2022310071,HPC
2022310071,ENTCOMP
2022310071,ACR
2022310072,CV
2022310072,BDAV
2022310072,RL
2022310072,SPEECH
2022310072,HPC
2022310072,ENTCOMP
2022310072,ACR
2022310073,CV
2022310073,BDAV
2022310073,RL
2022310073,SPEECH
2022310073,HPC
2022310073,ENTCOMP
2022310073,ACR
2022310074,CV
2022310074,BDAV
2022310074,RL
2022310074,SPEECH
2022310074,HPC
2022310074,ENTCOMP
2022310074,ACR
2022310075,CV
2022310075,BDAV
2022310075,RL
2022310075,SPEECH
2022310075,HPC
2022310075,ENTCOMP
2022310075,ACR
2022310076,CV
2022310076,BDAV
2022310076,RL
2022310076,SPEECH
2022310076,HPC
2022310076,ENTCOMP
2022310076,ACR
2022310077,CV
2022310077,BDAV
2022310077,RL
2022310077,SPEECH
2022310077,HPC
2022310077,ENTCOMP
2022310077,ACR
2022310078,CV
2022310078,BDAV
2022310078,RL
2022310078,SPEECH
2022310078,HPC
2022310078,ENTCOMP
2022310078,ACR
2022310079,CV
2022310079,BDAV
2022310079,RL
2022310079,SPEECH
2022310079,HPC
2022310079,ENTCOMP
2022310079,ACR
2022310080,CV
2022310080,BDAV
2022310080,RL
2022310080,SPEECH
2022310080,HPC
2022310080,ENTCOMP
2022310080,ACR
2022310081,CV
2022310081,BDAV
2022310081,RL
2022310081,SPEECH
2022310081,HPC
2022310081,ENTCOMP
2022310081,ACR
2022310082,CV
2022310082,BDAV
2022310082,RL
2022310082,SPEECH
2022310082,HPC
2022310082,ENTCOMP
2022310082,ACR
2022310083,CV
2022310083,BDAV
2022310083,RL
2022310083,SPEECH
2022310083,HPC
2022310083,ENTCOMP
2022310083,ACR
2022310084,CV
2022310084,BDAV
2022310084,RL
2022310084,SPEECH
2022310084,HPC
2022310084,ENTCOMP
2022310084,ACR
2022310085,CV
2022310085,BDAV
2022310085,RL
2022310085,SPEECH
2022310085,HPC
2022310085,ENTCOMP
2022310085,ACR
2022310086,CV
2022310086,BDAV
2022310086,RL
2022310086,SPEECH
2022310086,HPC
2022310086,ENTCOMP
2022310086,ACR
2022310087,CV
2022310087,BDAV
2022310087,RL
2022310087,SPEECH
2022310087,HPC
2022310087,ENTCOMP
2022310087,ACR
2022310088,CV
2022310088,BDAV
2022310088,RL
2022310088,SPEECH
2022310088,HPC
2022310088,ENTCOMP
2022310088,ACR
2022310089,CV
2022310089,BDAV
2022310089,RL
2022310089,SPEECH
2022310089,HPC
2022310089,ENTCOMP
2022310089,ACR
2022310090,CV
2022310090,BDAV
2022310090,RL
2022310090,SPEECH
2022310090,HPC
2022310090,ENTCOMP
2022310090,ACR
2022310091,CV
2022310091,BDAV
2022310091,RL
2022310091,SPEECH
2022310091,HPC
2022310091,ENTCOMP
2022310091,ACR
2022310092,CV
2022310092,BDAV
2022310092,RL
2022310092,SPEECH
2022310092,HPC
2022310092,ENTCOMP
2022310092,ACR
2022310093,CV
2022310093,BDAV
2022310093,RL
2022310093,SPEECH
2022310093,HPC
2022310093,ENTCOMP
2022310093,ACR
2022310094,CV
2022310094,BDAV
2022310094,RL
2022310094,SPEECH
2022310094,HPC
2022310094,ENTCOMP
2022310094,ACR
2022310095,CV
2022310095,BDAV
2022310095,RL
2022310095,SPEECH
2022310095,HPC
2022310095,ENTCOMP
2022310095,ACR
2022310096,CV
2022310096,BDAV
2022310096,RL
2022310096,SPEECH
2022310096,HPC
2022310096,ENTCOMP
2022310096,ACR
2022310097,CV
2022310097,BDAV
2022310097,RL
2022310097,SPEECH
2022310097,HPC
2022310097,ENTCOMP
2022310097,ACR
2022310098,CV
2022310098,BDAV
2022310098,RL
2022310098,SPEECH
2022310098,HPC
2022310098,ENTCOMP
2022310098,ACR
2022310099,CV
2022310099,BDAV
2022310099,RL
2022310099,SPEECH
2022310099,HPC
2022310099,ENTCOMP
2022310099,ACR
2022310100,CV
2022310100,BDAV
2022310100,RL
2022310100,SPEECH
2022310100,HPC
2022310100,ENTCOMP
2022310100,ACR
2022310101,CV
2022310101,BDAV
2022310101,RL
2022310101,SPEECH
2022310101,HPC
2022310101,ENTCOMP
2022310101,ACR
2022310102,CV
2022310102,BDAV
2022310102,RL
2022310102,SPEECH
2022310102,HPC
2022310102,ENTCOMP
2022310102,ACR
2022310103,CV
2022310103,BDAV
2022310103,RL
2022310103,SPEECH
2022310103,HPC
2022310103,ENTCOMP
2022310103,ACR
2022310104,CV
2022310104,BDAV
2022310104,RL
2022310104,SPEECH
2022310104,HPC
2022310104,ENTCOMP
2022310104,ACR
2022310105,CV
2022310105,BDAV
2022310105,RL
2022310105,SPEECH
2022310105,HPC
2022310105,ENTCOMP
2022310105,ACR
2022310106,CV
2022310106,BDAV
2022310106,RL
2022310106,SPEECH
2022310106,HPC
2022310106,ENTCOMP
2022310106,ACR
2022310107,CV
2022310107,BDAV
2022310107,RL
2022310107,SPEECH
2022310107,HPC
2022310107,ENTCOMP
2022310107,ACR
2022310108,CV
2022310108,BDAV
2022310108,RL
2022310108,SPEECH
2022310108,HPC
2022310108,ENTCOMP
2022310108,ACR
2022310109,CV
2022310109,BDAV
2022310109,RL
2022310109,SPEECH
2022310109,HPC
2022310109,ENTCOMP
2022310109,ACR
2022310110,CV
2022310110,BDAV
2022310110,RL
2022310110,SPEECH
2022310110,HPC
2022310110,ENTCOMP
2022310110,ACR
2022310111,CV
2022310111,BDAV
2022310111,RL
2022310111,SPEECH
2022310111,HPC
2022310111,ENTCOMP
2022310111,ACR
2022310112,CV
2022310112,BDAV
2022310112,RL
2022310112,SPEECH
2022310112,HPC
2022310112,ENTCOMP
2022310112,ACR
2022310113,CV
2022310113,BDAV
2022310113,RL
2022310113,SPEECH
2022310113,HPC
2022310113,ENTCOMP
2022310113,ACR
2022310114,CV
2022310114,BDAV
2022310114,RL
2022310114,SPEECH
2022310114,HPC
2022310114,ENTCOMP
2022310114,ACR
2022310115,CV
2022310115,BDAV
2022310115,RL
2022310115,SPEECH
2022310115,HPC
2022310115,ENTCOMP
2022310115,ACR
2022310116,CV
2022310116,BDAV
2022310116,RL
2022310116,SPEECH
2022310116,HPC
2022310116,ENTCOMP
2022310116,ACR
2022310117,CV
2022310117,BDAV
2022310117,RL
2022310117,SPEECH
2022310117,HPC
2022310117,ENTCOMP
2022310117,ACR
2022310118,CV
2022310118,BDAV
2022310118,RL
2022310118,SPEECH
2022310118,HPC
2022310118,ENTCOMP
2022310118,ACR
2022310119,CV
2022310119,BDAV
2022310119,RL
2022310119,SPEECH
2022310119,HPC
2022310119,ENTCOMP
2022310119,ACR
2022310120,CV
2022310120,BDAV
2022310120,RL
2022310120,SPEECH
2022310120,HPC
2022310120,ENTCOMP
2022310120,ACR
2022310121,CV
2022310121,BDAV
2022310121,RL
2022310121,SPEECH
2022310121,HPC
2022310121,ENTCOMP
2022310121,ACR
2022310122,CV
2022310122,BDAV
2022310122,RL
2022310122,SPEECH
2022310122,HPC
2022310122,ENTCOMP
2022310122,ACR
2022310123,CV
2022310123,BDAV
2022310123,RL
2022310123,SPEECH
2022310123,HPC
2022310123,ENTCOMP
2022310123,ACR
2022310124,CV
2022310124,BDAV
2022310124,RL
2022310124,SPEECH
2022310124,HPC
2022310124,ENTCOMP
2022310124,ACR
2022310125,CV
2022310125,BDAV
2022310125,RL
2022310125,SPEECH
2022310125,HPC
2022310125,ENTCOMP
2022310125,ACR
2022310126,CV
2022310126,BDAV
2022310126,RL
2022310126,SPEECH
2022310126,HPC
2022310126,ENTCOMP
2022310126,ACR
2022310127,CV
2022310127,BDAV
2022310127,RL
2022310127,SPEECH
2022310127,HPC
2022310127,ENTCOMP
2022310127,ACR
2022310128,CV
2022310128,BDAV
2022310128,RL
2022310128,SPEECH
2022310128,HPC
2022310128,ENTCOMP
2022310128,ACR
2022310129,CV
2022310129,BDAV
2022310129,RL
2022310129,SPEECH
2022310129,HPC
2022310129,ENTCOMP
2022310129,ACR
2022310130,CV
2022310130,BDAV
2022310130,RL
2022310130,SPEECH
2022310130,HPC
2022310130,ENTCOMP
2022310130,ACR
2022310131,CV
2022310131,BDAV
2022310131,RL
2022310131,SPEECH
2022310131,HPC
2022310131,ENTCOMP
2022310131,ACR
2022310132,CV
2022310132,BDAV
2022310132,RL
2022310132,SPEECH
2022310132,HPC
2022310132,ENTCOMP
2022310132,ACR
2022310133,CV
2022310133,BDAV
2022310133,RL
2022310133,SPEECH
2022310133,HPC
2022310133,ENTCOMP
2022310133,ACR
2022310134,CV
2022310134,BDAV
2022310134,RL
2022310134,SPEECH
2022310134,HPC
2022310134,ENTCOMP
2022310134,ACR
2022310135,CV
2022310135,BDAV
2022310135,RL
2022310135,SPEECH
2022310135,HPC
2022310135,ENTCOMP
2022310135,ACR
2022310136,CV
2022310136,BDAV
2022310136,RL
2022310136,SPEECH
2022310136,HPC
2022310136,ENTCOMP
2022310136,ACR
2022310137,CV
2022310137,BDAV
2022310137,RL
2022310137,SPEECH
2022310137,HPC
2022310137,ENTCOMP
2022310137,ACR
2022310138,CV
2022310138,BDAV
2022310138,RL
2022310138,SPEECH
2022310138,HPC
2022310138,ENTCOMP
2022310138,ACR
2022310139,CV
2022310139,BDAV
2022310139,RL
2022310139,SPEECH
2022310139,HPC
2022310139,ENTCOMP
2022310139,ACR
2022310140,CV
2022310140,BDAV
2022310140,RL
2022310140,SPEECH
2022310140,HPC
2022310140,ENTCOMP
2022310140,ACR
2022310141,CV
2022310141,BDAV
2022310141,RL
2022310141,SPEECH
2022310141,HPC
2022310141,ENTCOMP
2022310141,ACR
2022310142,CV
2022310142,BDAV
2022310142,RL
2022310142,SPEECH
2022310142,HPC
2022310142,ENTCOMP
2022310142,ACR
2022310143,CV
2022310143,BDAV
2022310143,RL
2022310143,SPEECH
2022310143,HPC
2022310143,ENTCOMP
2022310143,ACR
2022310144,CV
2022310144,BDAV
2022310144,RL
2022310144,SPEECH
2022310144,HPC
2022310144,ENTCOMP
2022310144,ACR
2022310145,CV
2022310145,BDAV
2022310145,RL
2022310145,SPEECH
2022310145,HPC
2022310145,ENTCOMP
2022310145,ACR
2022310146,CV
2022310146,BDAV
2022310146,RL
2022310146,SPEECH
2022310146,HPC
2022310146,ENTCOMP
2022310146,ACR
2022310147,CV
2022310147,BDAV
2022310147,RL
2022310147,SPEECH
2022310147,HPC
2022310147,ENTCOMP
2022310147,ACR
2022310148,CV
2022310148,BDAV
2022310148,RL
2022310148,SPEECH
2022310148,HPC
2022310148,ENTCOMP
2022310148,ACR
2022310149,CV
2022310149,BDAV
2022310149,RL
2022310149,SPEECH
2022310149,HPC
2022310149,ENTCOMP
2022310149,ACR
2022310150,CV
2022310150,BDAV
2022310150,RL
2022310150,SPEECH
2022310150,HPC
2022310150,ENTCOMP
2022310150,ACR
