"code","name","duration"
"AA2016E1","OPERA STUDIES, I","90"
"AA3008E1","HOLLYWOOD & THE EUROPEAN CINEMA","180"
"AAA011E1","INTRODUCTION TO ISLAM","90"
"AAA013E1","INTRODUCTION TO SOCIAL ANTHROPOLOGY","120"
"AAA022E1","THE SOVIET POLITICAL SYSTEM","90"
"AAA024E1","SOVIET FOREIGN POLICY","90"
"AAA033E1","RUSSIAN LANGUAGE FOR BEGINNERS: I(I)","90"
"AAA034E1","CLASSICS OF RUSSIAN LITERATURE","90"
"AAB025E1","INTRODUCTION TO THE VIKING AGE","180"
"AAB058E1","RUSSIAN LANGUAGE FOR BEGINNERS 2(I)","60"
"B11101E1","FUNDAMENTALS OF HUMAN PHYSIOL & PHARM I","180"
"B11102E1","INTRODUCTORY HUMAN PHYS & PHARM I","120"
"B12301E1","NEUROCHEM & DEVELOPMENTAL NEUROSCIENCE","120"
"B12302E1","CELL EXCITATION","120"
"B12303E1","BASIC MOLECULAR PHARMACOLOGY","120"
"B12320E1","INTEGRATED NEUROPHYSIOLOGY","120"
"B13103E1","NEROPEPTIDES: PAIN AND BEHAVIOUR","120"
"B31101E1","PHARMACEUTICAL & BIOLOGICAL CHEMISTRY","120"
"B31103E1","PHARMACEUTICAL PHYSICAL CHEMISTRY","120"
"B31105E1","PHARMACEUTICAL MICROBIOLOGY 1","60"
"B31107E1","PHYSIOLOGY & PHARMACOLOGY 1","120"
"B32321E1","PHARMACEUTICAL MICROBIOLOGY 2","60"
"B32322E1","BIOPHARMACEUTICS 1","60"
"B32325E1","PHYTOCHEMISTRY & MEDICINAL PLANTS","120"
"B32326E1","MEDICINAL CHEM 1. BIO & MED. HETEROCYC.","60"
"B32327E1","PHYSIOLOGY & PHARMACOLOGY 3","120"
"B33541E1","MOLECULAR PHARMACOLOGY","60"
"B33544E1","MEDICINAL CHEMISTRY 3","60"
"B33545E1","ADVANCED DRUG DELIVERY PHYSIOL & ROUTES","120"
"B33548E1","PHARMACY PRACTICE","60"
"B33549E1","CLINICAL PHARMACY & THERAPEUTICS 1","120"
"B33563E1","DRUG DISCOVERY AND DEVELOPMENT","60"
"C11101E1","ANIMAL FORM AND FUNCTION","120"
"C11105E1","MICROBIOLOGY","120"
"C12321E1","ANIMAL BEHAVIOUR","120"
"C12324E1","PARASITOLOGY","120"
"C12325E1","CANCER BIOLOGY","90"
"C12327E1","CONSERVATION BIOLOGY & BIOGEOGRAPHY","120"
"C12328E1","INSECTS & AGRICULTURE","90"
"C12329E1","NEUROBIOLOGY","90"
"C12331E1","GENE MANIPULATION","90"
"C12332E1","ENVIRONMENTAL MICROBIOLOGY","180"
"C12333E1","GENETICS OF CROP PLANTS","90"
"C12338E1","ECOLOGY","120"
"C13562E1","PARASITE IMMUNOLOGY","180"
"C13563E1","MOLECULAR & CELLULAR NEUROBIOLOGY","180"
"C13564E1","ECOTOXICOLOGY","180"
"C13565E1","EVOLUTION & BEHAVIOUR","180"
"C13567E1","APPLIED MICROBIOLOGY","180"
"C13569E1","FUNDAMENTAL & APP ASPS OF PLNT GEN MAN","180"
"C13571E1","MOLECULAR BIOLOGY OF ION CHANNELS","90"
"C13572E1","CELL & MOLECULAR BIOLOGY OF THE NEURONE","90"
"C13573E1","EVOLUTIONARY ECOLOGY","180"
"C1P001E1","TISSUE CULT:SEX & SOMATIC GENE FOR PL IM","120"
"C41101E1","INTRODUCTION TO HUMAN GENETICS I","120"
"C42304E1","GENETIC ENINEERING & GENE ORG.II (L)","120"
"C42306E1","BIOMETRY II","120"
"C42307E1","ECOLOGICAL GENETICS II","120"
"C43511E1","GENETICS AND EVOLUTION III","180"
"C43512E1","GENE CONTROL III","180"
"C52303E1","MEDICAL MICROBIOLOGY","120"
"C71101E1","CELL STRUCTURE & METABOLISM (L)","120"
"C72303E1","PROTEIN & GENE FUNCTION IIA","180"
"C73507E1","ADVANCED BIOCHEMISTRY I","180"
"C81HAAE1","ARTIFICIAL INTELLIGENCE 1A","60"
"C81HBAE1","BIOLOGICAL PSYCHOLOGY 1A","60"
"C81HCAE1","COGNITIVE PSYCHOLOGY 1A","60"
"C81HDAE1","DEVELOPMENTAL AND SOCIAL PSYCHOLOGY 1A","60"
"C81IAAE1","INTRO TO ARTIFICIAL INTELLIGENCE 1A","60"
"C81IBAE1","INTRO TO BIOLOGICAL PSYCHOLOGY 1A","60"
"C81ICAE1","INTRO.TO COGNITIVE PSYCHOLOGY 1A","60"
"C81IDAE1","INTRO TO DEVELOPMENTAL & SOCIAL PSYCH","60"
"C81J1AE1","INTRO TO BIOLOGICAL & ART INTELL","60"
"C81J1AE2","INTRO TO BIOLOGICAL & ART INTELL","60"
"C81J2AE1","INTRO TO BIOLOGICAL & COGNITIVE PSYCH 1A","60"
"C81J2AE2","INTRO TO BIOLOGICAL & COGNITIVE PSYCH 1A","60"
"C81J3AE1","INTRO TO BIOL, DEVEL & SOCIAL PSY 1A","60"
"C81J3AE2","INTRO TO BIOL, DEVEL & SOCIAL PSY 1A","60"
"C81J4AE1","INTRO TO COGNITIVE PSYCHOLOGY & AI 1A","60"
"C81J4AE2","INTRO TO COGNITIVE PSYCHOLOGY & AI 1A","60"
"C81J5AE1","INTRO TO COGNIT.,DEVEL.& SOC.PSYCH 1A","60"
"C81J5AE2","INTRO TO COGNIT.,DEVEL.& SOC.PSYCH 1A","60"
"C81JIAE1","INTRO.TO BIOL.&ARTIFICIAL INTELL.1A","60"
"C81JIAE2","INTRO.TO BIOL.&ARTIFICIAL INTELL.1A","60"
"C81MJAE1","THEORY & STATS & LAB METHS FOR JOINT HON","60"
"C81MSAE1","STATISTICAL METHODS 1A","60"
"C82BCSE1","BIOLOGICAL PSYCH.FOR COGNITIVE SCI.","60"
"C82BUAE1","BIOLOGICAL PSYCHOLOGY 2A","120"
"C82CUAE1","COGNITIVE PSYCHOLOGY 2A","120"
"C82DUAE1","HUMAN DEVELOPMENT 2A","60"
"C82HUAE1","PSYCHOLOGY OF MAINTAINING HEALTH","60"
"C82MCPE1","CONVERSION PROGRAMME DESIGN & ANALYSIS","60"
"C82MHAE1","PRACTICAL AND STATISTICAL METHODS 2A","120"
"C82MJAE1","PRAC.& STAT. METHODS FOR JT.HONS.2A","120"
"C82OUAE1","OCCUPATIONAL PSYCHOLOGY 2A","60"
"C82SUAE1","SOCIAL PSYCHOLOGY 2A","60"
"C83XWHE1","THE PSYCHOLOGY OF WOMEN'S HEALTH","120"
"C8COUAE1","OCCUPATIONAL PSYCHOLOGY 3A: SELEC & TRAI","120"
"C8CXCEE1","PEOPLE & COMPUTERS IN THE WORKPLACE","120"
"C8CXCHE1","CHILD PSYCHOL 3A: DEV OF COMM","120"
"C8CXDLE1","CATS & PROCESSED IN LANGUAGES ACQUISTION","120"
"C8CXESE1","EXPERT SYSTEMS","120"
"C8CXPAE1","UNDERSTANDING PATTENS OF ACTION","90"
"C8P001E1","MSC OCC PSYH/ORGANISIG HEALTH TRAINING","180"
"C8P002E1","MSC OCC PSYCH/ORGAN HEATH SELEC & ASSESS","180"
"D21102E1","MICROBIOLOGY, AN INTRODUCTION","60"
"D22227E1","FOOD SCIENCE 6, FOOD FACTORY OPERATIONS","120"
"D23315E1","BIOLOGY & SOCIETY 2, FOOD, POPULAT & HEA","120"
"D23336E1","FOOD MICROBIOL 2, THE MICROFLORA OF FOOD","120"
"D23342E1","HORTICULT CROP PROD 2, FRUIT CROP SCIENC","120"
"D23360E1","PHYSIOL & MOLECULAR PLANT PATHOLOGY","120"
"EN00C1E1","CHEMISTRY A","120"
"EN00P1E1","LIGHT,WAVES AND ELECTRONS A","120"
"EN00P3E1","THERMAL SCIENCE A","120"
"EN00P5E1","BASIC ENGINEERING MECHANICS A","120"
"EN00P7E1","ELECTRICITY AND MAGNETISM A","120"
"F11I01E1","INTRO INORGANIC CHEM I (L1BCJM)","60"
"F11I02E1","FOUNDATION INORGANIC CHEM I (I1H)","120"
"F11O01E1","INTRODUCT ORGANIC CHEMISTRY I (01BCJM)","60"
"F11O02E1","FOUNDATION ORGANIC CHEMISTRY I (01H)","120"
"F11P01E1","INTRODUCTORY PHYSICAL CHEM I (P1BJM)","60"
"F11P02E1","FOUNDATION PHYSICAL CHEM I (P1HCJ)","120"
"F12I01E1","CORE INORGANIC CHEMISTRY (I3B)","60"
"F12I02E1","CORE INORGANIC CHEMISTRY I (I3HC)","120"
"F12O01E1","CORE ORGANIC & BIOLOGICAL CHEM I (03B)","120"
"F12O02E1","CORE ORGANIC CHEM I (03H)","120"
"F12P01E1","CORE PHYSICAL CHEM I (P3B)","60"
"F12P02E1","CORE PHYSICAL CHEMISTRY I (P3HC)","120"
"F12P03E1","PHYSICAL CHEMISTRY I (P3M)","120"
"F12X02E1","GERMAN FOR CHEMISTS (*3)","120"
"F12X04E1","CORE CHEMISTRY THEORY I (TH3J)","90"
"F12X04E2","CORE CHEMISTRY THEORY I (TH3J)","90"
"F12X04E3","CORE CHEMISTRY THEORY I (TH3J)","90"
"F12X05E1","BASIC INORGANIC & ORGANIC CHEM.(IO3M)","120"
"F13I01E1","BIOINORGANIC CHEMISTRY (I5BJ)","60"
"F13I02E1","ADVANCED INORGANIC CHEMISTRY (I5H)","120"
"F13I03E1","INORGANIC SOLID STATE CHEM (I5J)","60"
"F13I05E1","LASERS IN CHEMISTRY (S5HC)","60"
"F13I06E1","THE CHEM OF CORROSION PROCESSES (S5H)","60"
"F13O01E1","ADVANCED ORGANIC CHEM I (O5B)","120"
"F13O02E1","ADVANCED ORGANIC CHEMISTRY I (05H)","120"
"F13O03E1","ADVANCED ORGANIC CHEMISTRY I (05J)","60"
"F13O06E1","INDUSTRIAL PRODUCTS & MATERIALS (S5/HJ)","60"
"F13P01E1","ADVANCED PHYSICAL CHEMISTRY I (P5HC)","120"
"F13P02E1","ADVANCED ANALYTICAL TECHNIQUES (P5M)","120"
"F13P03E1","PHYSICAL CHEM OF POLYMERIC MATS (S5HBJ)","60"
"F13P05E1","SURFACE SCIENCE (S5HC)","60"
"F13X01E1","ADVAN INORGANIC & ORGANIC CHEM (I/O5M)","120"
"F13X03E1","ADVANCED CHEMISTRY OPTIONS 1A","60"
"F13X04E1","ADVANCED CHEMISTRY OPTIONS 2A","120"
"F311A1E1","ASTRONOMY","60"
"F311B1E1","BIOPHYSICS","60"
"F311E1E1","ELECTRONICS 1","60"
"F311M0E1","APPLICATIONS OF MATHEMATICS","60"
"F311M1E1","MECHANICS 1","60"
"F311Q1E1","QUANTUM PHYSICS 1","60"
"F311T1E1","HEAT & PROPERTIES OF MATTER","60"
"F311V1E1","PHYSICS OF THE ENVIRONMENT","60"
"F311X1E1","THE UNIVERSE FROM PARTICLES TO GALAXIES","60"
"F311X2E1","THE ENVIRONMENT","60"
"F311X4E1","NORMAL & PARANORMAL SCIENCE","60"
"F311Z1E1","AC THEORY","60"
"F321C6E1","INTERFACING, COMPUTING & INSTRUMENTATION","120"
"F321E4E1","LINEAR ELECTRONICS","60"
"F321M1E1","MATHEMATICAL PHYSICS","120"
"F321Q2E1","QUANTUM PHYSICS 2","120"
"F321Q6E1","QUANTUM PHYSICS II","120"
"F321Q9E1","QUANTUM MECHANICS","120"
"F321S6E1","SOLID STATE PHYSICS & PROPERT. OF MATTER","120"
"F321T2E1","THERMAL PHYSICS","120"
"F321T6E1","THERMAL PHYSICS & STATISTICAL MECHANICS","120"
"F321Z3E1","VECTOR ANALYSIS & ELECTROMAGNETISM 1","120"
"F331M9E1","ELECTROMAGNETIC WAVES","120"
"F331N3E1","NUCLEAR PHYSICS III","120"
"F331N6E1","RELATIVITY & LOW ENERGY NUCLEAR PHYSICS","120"
"F331O6E1","PHYSICAL AND APPLIED OPTICS","120"
"F331Q3E1","QUANTUM PHYSICS III","120"
"F331S2E1","ELECTRONS IN SOLIDS","120"
"F331S9E1","SOLID STATE PHYSICS (APPLIED)III","120"
"F331X3E1","ADVANCED MECHANICS","120"
"F331X5E1","APPLIED THERMAL PHYSICS","60"
"F331Z4E1","ELECTROMAGNETISM II","120"
"F331Z8E1","PURE & APPLIED ELECTRICITY & MAGNETISM","120"
"F3B1B3E1","MEDICAL PHYSICS","120"
"F3B1X4E1","ASTROPHYSICS","120"
"G111ACE1","ALGEBRA 1C","120"
"G111CCE1","INTRODUCTORY CALCULUS 1C","60"
"G111DGE1","DISCRETE MATHEMATICS 1G","120"
"G111GAE1","GENERAL MATHEMATICS 1A","120"
"G111GBE1","GENERAL MATHEMATICS 1B","120"
"G111MCE1","MATHS & SOC FROM COP TO HAWKING","90"
"G111VAE1","VECTORS AND MATRICES 1A","120"
"G111VBE1","VECTORS AND MATRICES 1B","120"
"G11AS1E1","STATISTICAL METHODS 1","120"
"G11MA1E1","INTRODUCTORY TECHNIQUES AND CONCEPTS","180"
"G11MA2E1","SPECIAL TOPICS","120"
"G11PR1E1","PROBABILITY","120"
"G12AL1E1","LINEAR ALGEBRA","120"
"G12AN1E1","COMPLEX ANALYSIS","120"
"G12ME1E1","CLASSICAL MECHANICS","120"
"G12MM1E1","MATHEMATICAL METHODS","120"
"G12PR1E1","PROBABILITY TECHNIQUES","120"
"G12ST1E1","STATISTICAL INFERENCE","120"
"G13AL4E1","FINITE GROUP THEORY","120"
"G13AN4E1","MEASURE & INTEGRATION","120"
"G13AS5E1","MEDICAL STATISTICS","120"
"G13CM2E1","ALGORITHMIC GRAPH THEORY","120"
"G13CS2E1","STRUCTURED PROGRAMMING 2","120"
"G13LA1E1","HILBERT SPACE","120"
"G13LO1E1","LOGIC","120"
"G13MM2E1","DIFFERENTIAL EQUATIONS","120"
"G13PR2E1","PROBABILITY THEORY","120"
"G13QT1E1","QUANTUM THEORY","120"
"G13RE1E1","DIFFERENTIAL GEOMETRY","120"
"G13RE2E1","SPECIAL RELATIVITY","120"
"G13SP2E1","APPLIED PROBABILITY","120"
"G13ST3E1","FURTHER LINEAR STATISTICAL MODELS","120"
"G13ST6E1","TIME SERIES AND FORECASTING","120"
"G51DSDE1","DIGITAL SYSTEMS DESIGN","105"
"G51HOCE1","HISTORY OF COMPUTERS & COMPUTING","120"
"G51MC1E1","MATHEMATICS FOR COMPUTER SCIENCE 1","120"
"G52ALGE1","ALGORITHMS","120"
"G52OBJE1","OBJECT-ORIENTED METHODS","120"
"G53FSPE1","FORMAL SPECIFICATION","105"
"G53LCTE1","LANGUAGES & COMPILATION TECHNIQUES","105"
"G53RDBE1","THEORY OF RELATIONAL DATABASES","120"
"G53VIPE1","VISUAL IMAGE PROCESSING","105"
"G5ABELE1","BASIC ELECTRONICS","105"
"G5BAIPE1","ARTIFICIAL INTELLIGENCE PROGRAMMING","105"
"G5BCCNE1","COMPUTER COMMUNICATIONS AND NETWORKS","120"
"G5BDBSE1","DATABASE SYSTEMS","120"
"G5BGRAE1","COMPUTER GRAPHICS","105"
"G5BSBBE1","SYSTEMS BUILDING BLOCKS","105"
"G5P002E1","INTRO. TO EXPERT SYSTEMS","120"
"G5P005E1","INDUSTRIAL INFORMATION SYSTEMS","120"
"H21B00E1","PRELIMINARY STUDIES","120"
"H21H01E1","HYDRAULIC ENGINEERING 1","120"
"H21M01E1","CONSTRUCTION MANAGEMENT 1","120"
"H22C20E1","CIVIL ENGINEERING STUDIES 2","120"
"H22G06E1","SUBSIDIARY SOIL MECHANICS","120"
"H22M02E1","CONSTRUCTION MANAGEMENT 2","120"
"H22S02E1","STRUCTURAL ENGINEERING 2","120"
"H22V02E1","ENGINEERING SURVEYING 2","120"
"H23C20E1","CIVIL ENGINEERING STUDIES 2","120"
"H23CEOE1","ENVIRONMENTAL FLUID MECHANICS","120"
"H24C20E1","CIVIL ENGINEERING STUDIES 2","120"
"H2CG03E1","FOUNDATION ENGINEERING","120"
"H2CH04E1","UNSTEADY FLUID MECHANICS","120"
"H2CH05E1","OPEN-CHANNEL HYDRAULICS","120"
"H2CM04E1","CONSTRUCTION PLANNING & CONTROL","120"
"H2CP01E1","PAVEMENT ENGINEERING","120"
"H2CS05E1","CONCRETE STRUCTURES","120"
"H2CS06E1","CONCRETE TECHNOLOGY","120"
"H2CT01E1","TRAFFIC ENGINEERING","120"
"H2CV03E1","GEODESY","120"
"H31BDAE1","BASIC DESIGN ANALYSIS","120"
"H31DM1E1","DESIGN, MANUFACTURE AND MATERIALS 1","120"
"H31ENCE1","ENGINEERING COMPUTATION","90"
"H33CONE1","CONTROL","120"
"H33MI2E1","MANAGEMENT IN INDUSTRY 2","120"
"H3AFM1E1","FLUIDS MECHANICS 1","120"
"H3BDM3E1","DESIGN, MANUFACTURE AND MATERIALS 3","120"
"H3BFM2E1","FLUID MECHANICS 2","60"
"H3BFM2E2","FLUID MECHANICS 2","60"
"H3BMDYE1","MACHINE DYNAMICS","120"
"H3BMS2E1","MECHANICS OF SOLIDS 2","120"
"H3CDMSE1","DYNAMICS OF MECHANICAL SYSTEMS","180"
"H3CENIE1","ELEMENTS OF NOISE INVESTIGATION","120"
"H3CFM3E1","FLUID MECHANICS 3","180"
"H3CFRCE1","FIBRE REINFORCED COMPOSITES ENGINEERING","120"
"H3CMECE1","MECHATRONICS","120"
"H3CNUEE1","NUCLEAR ENGINEERING","120"
"H3CPOEE1","POLYMER ENGINEERING","120"
"H3CTSEE1","THERMAL SYSTEMS ENGINEERING","180"
"H51100E1","ELECTRICAL & ELECTRONIC CIRCUITS","120"
"H51140E1","MECHANICS","60"
"H51200E1","COMPANY ORGANISATION & PRACTICE","120"
"H52110E1","POWER ELECTRONICS & NETWORKS","120"
"H53171E1","CONTROL II","120"
"H5C112E1","POWER NETWORKS","120"
"H5C113E1","POWER ELECTRONICS","120"
"H5C142E1","ELECTRICAL MACHINES","120"
"H61120E1","DIGITAL ELECTRONICS I","120"
"H62131E1","ELECTRONIC DEVICES AND CIRCUITS","120"
"H62160E1","SIGNAL PROCESSING I","120"
"H63122E1","ELECTRONICS 1","120"
"H6C133E1","SOLID STATE DEVICES","120"
"H6C152E1","SOFTWARE ENGINEERING 3","60"
"H6C162E1","COMMUNICATIONS 2","120"
"H6P001E1","INTRODUCTORY ELECTRONICS","120"
"H6P002E1","MICROPROCESSORS & MICROCOMPUTERS","120"
"H71EMPE1","ENGINEERING MATERIALS & PROCESSES","120"
"H71IWEE1","INDUSTRIAL ENG, WORK DESIGN & ERGONOMICS","120"
"H71MIPE1","MANAGEMENT IN PRACTICE","120"
"H71MS1E1","MANUFACTURING SYSTEMS 1","120"
"H72ENTE1","ENTERPRISE","180"
"H72IRNE1","INDUSTRIAL RELATIONS","120"
"H72LOGE1","LOGISTICS MANAGEMENT","120"
"H72NNSE1","NEAR NET SHAPE MANUFACTURE","120"
"H7ACS1E1","COMPUTER STUDIES 1","90"
"H7BEGDE1","ERGONOMICS IN DESIGN","120"
"H7BMACE1","MEASUREMENT AND CONTROL","120"
"H7BMOQE1","MANAGEMENT OF QUALITY","120"
"H7CAMFE1","ADVANCED METAL FORMING","120"
"H7CCNGE1","CONCURRENT ENGINEERING","120"
"H7CEPDE1","ERGONOMICS & PRODUCT DESIGN","120"
"H7CFAME1","FLEXIBLE AUTOMATED MANUFACTURE","120"
"H7CFOOE1","FOOD PROCESSING & MANUFACTURE","120"
"H7CHCME1","HUMAN CENTRED MANUFACTURING","120"
"H7CLASE1","OPTICS & LASERS IN ENGINEERING","120"
"H7CMSGE1","MANUFACTURING STRATEGY","120"
"H7CORGE1","ORGANIZATION & WORK","120"
"H7CSERE1","MANAGING SERVICE OPERATIONS","120"
"H7CSIME1","MODELLING & SIMULATION","120"
"H7CSURE1","SURFACE PROCESSING","120"
"H81022E1","FLUID MECHANICS","120"
"H81050E1","APPLIED CHEMISTRY","60"
"H82006E1","CATALYSIS & INTERFACIAL PHENOMENA","120"
"H82024E1","BASIS OF BIOTECHNOLOGY","120"
"H82029E1","MASS TRANSFER","120"
"H82046E1","SEPARATION PROCESSES I","120"
"H83024E1","BASIS OF BIOTECHNOLOGY","120"
"H8A009E1","CHEMICAL PROCESS ENGINEERING I","120"
"H8A011E1","CHEMICAL PROCESS PRINCIPLES I","120"
"H8B040E1","PROCESS DYNAMICS & CONTROL","120"
"H8B045E1","REACTOR DESIGN","120"
"H8C001E1","ADVANCED PROCESS CONTROL","120"
"H8C002E1","ADVANCED REACTION ENGINEERING","120"
"H8C019E1","ENVIRONMENTAL ENGINEERING I","120"
"H8C039E1","PROCESS DESIGN","120"
"H8C043E1","PROJECT ENGINEERING","120"
"HG1EM0E1","BASIC MATHEMATICS FOR ENGINEERS","120"
"HG1J1AE1","CALCULUS AND DIFFERENTIAL EQUATIONS","120"
"HG1J1BE1","VECTOR & MATRIX ALGEBRA","120"
"HG1S1CE1","METHODS OF APPLIED MATHEMATICS","120"
"HG2J3AE1","VECTOR ANALYSIS & FOURIER SERIES","120"
"HG2J3BE1","LINEAR ALGEBRA & LINEAR PROGRAMMING","120"
"HG2J3DE1","PROBABILITY & STATISTICS","120"
"HG2J4AE1","ORDINARY DIFFERENTIAL EQUATIONS","120"
"HG2S3EE1","MECHANICS","120"
"HG3J5AE1","PARTIAL DIFFERENTIAL EQUATIONS (A)","150"
"HG3J5BE1","PARTIAL DIFFERENTIAL EQUATIONS (B)","120"
"HG3J5GE1","PLASMA DYNAMICS","120"
"HG3S5EE1","WAVES IN FLUIDS","150"
"HG3S5FE1","LINEAR ELASTICITY & VISCOELASTICITY","150"
"HGAEM2E1","INTRODUCTORY CALCULUS FOR ENGINEERS","120"
"HGBEM3E1","DIFFERENTIAL EQUATIONS & CALCULUS","120"
"HGBEM4E1","MATHS TECHNIQUES IN DESIGN & PRODUCTION","120"
"HGCEMAE1","ADV. MATHS TECHS I FOR CHEM ENGS","120"
"HGCEMBE1","ADV. MATHS TECHS FOR ELEC & ELECTR. ENGS","120"
"HGCEMCE1","ADV MATHS TECHS FOR MECH ENGS","120"
"HGCEMME1","MATHS FOR ENGINEERING MANAGEMENT","120"
"J1A102E1","FLUID MECHANICS","120"
"J1A110E1","APPLIED ELECTRICITY","120"
"J1A111E1","ENVIRONMENTAL CHEMISTRY","120"
"J1A112E1","INTRODUCTION TO THE MINERALS INDUSTRY","120"
"J1A202E1","BEHAVIOUR OF MATERIALS","120"
"J1A203E1","CAD/COMPUTING","90"
"J1B109E1","SITE INVESTIGATION I","120"
"J1B111E1","HYDROGEOLOGY","120"
"J1B113E1","ENVIRONMENTAL MONITORING","120"
"J1B115E1","MINE SERVICES A","120"
"J1B116E1","MINERALS ENGINEERING I","120"
"J1B117E1","RESOURCE GEOLOGY","120"
"J1B203E1","MINING FINANCE II & MINE MANAGEMENT","120"
"J1C106E1","EXPLORATION & RESERVE ESTIMATION","120"
"J1C111E1","WASTE DISPOSAL","120"
"J1C112E1","AIR POLLUTION","120"
"J1C116E1","MINING LAW & PLANNING","120"
"J1C119E1","PROJECT MANAGEMENT & LEGISLATION","120"
"J1C122E1","UNDERGROUND MINE ENVIRONMENTAL ENG II","120"
"J1C125E1","MINING METHODS","180"
"J1C205E1","ROCK & EXCAVATION MECHANICS","120"
"J1C227E1","ENVIRONMENTAL GEOLOGY","120"
"J51IMAE1","INTRODUCTION TO MATERIALS A","120"
"J51R01E1","PROPERTIES OF MATERIALS","120"
"J52EMME1","ENGINEERING MATERIALS MANUFACTURE","120"
"J5BORME1","OPTOELECTRONIC & RELATED MATERIALS, PRIN","120"
"J5BSMAE1","SYNTHESIS OF MATERIALS","120"
"J5BSTME1","STRENTH AND TOUGHNESS OF MATERIALS","120"
"J5CCCEE1","CORROSION CONTROL ENGINEERING","120"
"J5CCRME1","CONSERVATION OF MATERIALS","120"
"J5CMUSE1","MATERIALS UNDER STRESS","120"
"K1AEU1E1","ENERGY USE IN SMALL BUILDINGS 1","120"
"K1AHRSE1","HUMAN RESPONSES","120"
"K1AHWAE2","HISTORY OF WESTERN ARCHITECTURE","50"
"K1APADE1","PRINCIPLES OF ARCHITECTURAL DESIGN","120"
"K1ATS1E1","THERMAL STUDIES 1","120"
"K1BACOE1","ACOUSTICS","120"
"K1BBS1E1","INTEGRATED BUILDING SERVICES 1","120"
"K1BCSTE1","CONCRETE STRUCTURES","120"
"K1BTMSE1","TIMBER & MASONRY STRUCTURES","120"
"K41110E1","INTRODUCTION TO PLANNING","90"
"K41210E1","THEORY OF URBAN DESIGN I","90"
"K42120E1","URBAN PLANNING ECONOMICS","90"
"K43100E1","TRANSPORT ECONOMICS AND POLICY","90"
"K4C110E1","PLANNING THEORY","90"
"K4C120E1","PLANNING METHODS I","90"
"K4C140E1","SOCIAL ASPECTS OF PLANNING","90"
"K4C280E1","RURAL PLANNING (A)","120"
"K4C290E1","DEVELOPMENT FINANCE (A)","120"
"K4P100E1","INTRODUCTION TO ECONOMICS (FOR PLANNERS)","90"
"K4P300E1","PLANNING PRACTICE & MANAGEMENT I","120"
"L11100E1","MICROECONOMICS 1A","180"
"L11101E1","QUANTITATIVE METHODS 1A","90"
"L11102E1","QUANT METHODS WITH COMPUTING I","90"
"L11110E1","INTRODUCTION TO AGRICULTURAL ECONOMICS","120"
"L11111E1","INTRO.TO AGRICULTURAL ECONS(ALTERNATIVE)","120"
"L11120E1","MATHEMATICAL ECONOMICS I","90"
"L11130E1","MICROECONOMICS 1B","90"
"L11140E1","MICROECONOMICS 1C","90"
"L11150E1","INTRODUCTORY ECONOMETRICS I","90"
"L12302E1","MICROECONOMIC THEORY","120"
"L12303E1","APPLIED ECONOMICS I - PUBLIC SECTOR","60"
"L12310E1","AGRICULTURAL ECONOMICS I","120"
"L12320E1","ECONOMETRICS I","180"
"L12330E1","THE EUROPEAN ECONOMY I","120"
"L12404E1","APPLIED ECON. IV-THE FIRM IN THEORY & PR","60"
"L13502E1","ECONOMICS OF THE PUBLIC SECTOR I","90"
"L13503E1","ECONOMICS OF THE EUROPEAN COMMUNITY","120"
"L13504E1","ECONOMIC DEVELOPMENT I","90"
"L13505E1","ECONOMICS OF INTERNATIONAL TRADE I","120"
"L13507E1","BANKING AND FINANCE I","90"
"L13508E1","HEALTH ECONOMICS I","90"
"L13509E1","MONETARY ECONOMICS I","90"
"L13510E1","ECONOMICS OF EURO AGRICULTURAL POLICY","120"
"L13511E1","AGRICULTURE IN DEVELOPMENT I","120"
"L13516E1","ADVANCED MICROECONOMICS I: ECON OF INNO","90"
"L13520E1","TOPICS IN ECONOMETRICS I","120"
"L13521E1","ADVANCED ECONOMETRIC THEORY","120"
"L31004E1","CONFLICT & CONTROV IN CONTEMP BRITAIN 1","120"
"L31005E1","SOCIOLOGICAL PERSPECTIVES I","120"
"L31013E1","ASPECTS OF CONTEMPORARY CULTURE 1A","120"
"L31073E1","DIMENSIONS OF WELFARE","120"
"L31097E1","CONTEMPORARY ISSUES IN SOCIAL POLICY 1","120"
"L31107E1","DIMENSIONS OF WELFARE: RACE AND GENDER","120"
"L31109E1","ASPECTS OF COMTEMPORARY CULTURE 1C","120"
"L3B015E1","THE HISTORY OF BRITISH SOCIAL POLICY","120"
"L3B021E1","THE ANALYSIS OF RACE & ETHNIC RELATIONS","120"
"L3B026E1","HEALTH & THE ENVIRONMENT","120"
"L3B030E1","SOVIET COMMUNISM, RISE & FALL OF 20C PHE","90"
"L3B032E1","WOMEN & SOCIETY 1","120"
"L3B036E1","SYSTEMS & ACTION","120"
"L3B046E1","ENVIRONMENTAL POLITICS","90"
"L3B049E1","MAKING NEWS IN BRITAIN TODAY","90"
"L3B090E1","ASPECTS OF CONTEMPORARY CULTURE 2E","120"
"L3B100E1","HOUSING & SOCIAL POLICY","90"
"L3C064E1","KEY CONCEPTS IN SOCIAL POLICY","120"
"L3C086E1","KNOWLEDGE,BELIEF & IDEOLOGY","120"
"L81112E1","SOCIETY AND SPACE","120"
"L81122E1","OCEANIC & ATMOSPHERIC SYSTEMS","120"
"L82111E1","LOCATION & ORGANISATION OF IND ACTIVITY","120"
"L82113E1","MEDICAL GEOGRAPHY","90"
"L82120E1","THEORETICAL GEOMORPHOLOGY","90"
"L82121E1","ATMOSPHERIC PROCESSES","90"
"L82124E1","WATER RESOURCES MANAGEMENT","90"
"L82125E1","HYDROLOGY:WATER AS A RESOURCE","120"
"L82132E1","REMOTE SENSING","90"
"L83112E1","THE GEOGRAPHY OF HEALTH & DISEASE","120"
"L83115E1","ECONOMIC ASPECTS OF THE USSR & E EUROPE","120"
"L83118E1","THE ENGLISH LANDED ESTATE","120"
"L83120E1","ADVANCED PHYSICAL PROCESSES","120"
"L83121E1","LANDSCAPE ECOLOGY","120"
"L83122E1","INTEGRATED RIVER BASIN MANAGEMENT","120"
"L83123E1","APPLIED GEOMORPHOLOGY","120"
"L83160E1","EARTH,POLICY & GLOBAL ETHICS","180"
"LK10FAE1","INTER FACULTY FRENCH 0A","60"
"LK10GAE1","INTER FACULTY GERMAN 0A","60"
"LK10IAE1","INTER FACULTY ITALIAN OA","60"
"LK10JAE1","INTER FACULTY JAPANESE OA","60"
"LK10KBE1","INTER FACULTY MODERN GREEK 0B","60"
"LK10RAE1","INTER FACULTY RUSSIAN OA","60"
"LK10SAE1","INTER FACULTY SPANISH 0A","60"
"LK44FAE1","INTER FACULTY FRENCH 4A","180"
"LK44GAE1","INTER FACULTY GERMAN 4A","180"
"LK44SAE1","INTER FACULTY SPANISH 4A","180"
"LKA1FAE1","INTER FACULTY FRENCH 1A","120"
"LKA1GAE1","INTER FACULTY GERMAN 1A","120"
"LKA1IAE1","INTER FACULTY ITALIAN 1S","120"
"LKA1JAE1","INTER FACULTY JAPANESE 1A","120"
"LKA1RAE1","INTER FACULTY RUSSIAN 1A","120"
"LKA1SAE1","INTER FACULTY SPANISH 1A","120"
"LKB2FAE1","INTER FACULTY FRENCH 2A","60"
"LKB2GAE1","INTER FACULTY GERMAN 2A","60"
"LKB2JAE1","INTER FACULTY JAPANESE 2A","60"
"LKB2SAE1","INTER FACULTY SPANISH 2A","60"
"LKC3FAE1","INTER FACULTY FRENCH 3A","180"
"LKC3GAE1","INTER FACULTY GERMAN 3A","180"
"LKC3RAE1","INTER FACULTY RUSSIAN 3A","180"
"LKC3SAE1","INTER FACULTY SPANISH 3A","180"
"M11341E1","THEORIES OF POLITICS A (LAW/POLITICS)","90"
"M11343E1","POLITICAL INSTS.& PROCESSES A (LAW/POL)","90"
"M11345E1","THEORIES OF POLITICS A","90"
"M11347E1","POLITICAL INSTITUTIONS & PROCESSES (A)","90"
"M11351E1","EUROPEAN COMMUNITY STUDIES 1A","120"
"M11451E1","EUROPEAN COMMUNITY STUDIES 1B","120"
"M12353E1","POLITICAL THOUGHT FROM PLATO TO ROUSSEAU","120"
"M12365E1","INTERNATIONAL RELATIONS 1","120"
"M13367E1","DECISION THEORY & PUBLIC POLICY ANAL.","120"
"M13369E1","POLITICAL COMPARISONS A","120"
"M13468E1","POWER THEORY & PUBLIC POLICY ANALYSIS","120"
"M1B351E1","GOVERNING INSTITUTIONS OF CONTEMP FRANCE","90"
"M1B355E1","FASCISM & NAZISM IN EUROPE 1918-1945","120"
"M1B357E1","THE MASS MEDIA, WAR & POLITICS 1856-1945","90"
"M1B359E1","AN INTRODUCTION TO BRITISH LOCAL GOV'T","120"
"M1B363E1","FORMATION OF THE TRANSATLANTIC RELATIONS","120"
"M1B372E1","THE CONSERVATIVE CHALLENGE","120"
"M1B373E1","ANARCHISM","120"
"M1B374E1","CONCEPTS OF DEMOCRACY","120"
"M1B380E1","SOVIET FOREIGN POLICY,1945-1985","90"
"M1B382E1","INTERNAT.POLITICS MIDDLE EAST 1798-1967","120"
"M31001E1","LEGAL SYSTEM","120"
"M31006E1","INTRODUCTION TO LEGAL STUDY","120"
"M31012E1","THE LAW OF CONTRACT A","120"
"M33036E1","CONFLICT OF LAWS","120"
"M33042E1","LAW OF EVIDENCE","120"
"M33053E1","POLITICS & THE LAW A","120"
"M33059E1","LAW OF TRADE FINANCE","180"
"M33060E1","TAX LAW A","120"
"M33064E1","ENERGY LAW AND POLICY","120"
"M33074E1","MERGER LAW","120"
"M3A002E1","LAWYERS & COURTS - ACCESS & JUSTICE","120"
"M3A010E1","CONSTITUTIONAL LAW A","90"
"M3A015E1","LAND LAW A","90"
"M3A019E1","COMMON LAW A","90"
"M3B030E1","JUDICIAL REVIEW","120"
"M3B031E1","COMPARATIVE CIVIL LIBERTIES","120"
"M3B034E1","LAW OF BUSINESS ORGANISATIONS","120"
"M3B043E1","FAMILY LAW","120"
"M3B049E1","CLASSICAL LEGAL THEORY","120"
"M3B055E1","FOUNDATIONS OF PUBLIC INTERNATIONAL LAW","120"
"M3B057E1","THE LAW OF DOMESTIC SALES","120"
"M3B062E1","WELFARE LAW","120"
"M3B066E1","LAW OF THE EURO UNI:CONSTIT & CITIZENSHP","120"
"N11102E1","THE ECONOMIC ANALYSIS OF MARKETS","120"
"N11103E1","FINANCIAL ACCOUNTING","120"
"N12203E1","PRICING IN THEORY & PRACTICE","90"
"N12403E1","FINANCIAL MANAGEMENT","120"
"N13301E1","FINANCIAL ANALYSIS","120"
"N13302E1","FINANCIAL MARKETS","120"
"N13303E1","INDUSTRIAL ORGANISATION I","90"
"N13304E1","MANAGEMENT & ORGANISATIONS","90"
"N13305E1","OPERATIONS RESEARCH I","130"
"N1A104E1","INTRO.TO MANAGERIAL ECONOMICS","90"
"N1A110E1","INTRODUCTION TO MANAGEMENT","90"
"N1A402E1","INTRODUCTION TO FINANCIAL ACCOUNTING","120"
"N1B201E1","MODERN FIRMS AS HIERARCHIES","90"
"N1B202E1","MODERN FIRMS AS TEAMS","90"
"N1B404E1","INDUSTRIAL RELATIONS I","120"
"N1B405E1","MANAGEMENT ACCOUNTING & DECISIONS II","120"
"N1B406E1","MARKETING STRATEGY","90"
"N1B407E1","PUBLIC CHOICE & ECONOMIC POLICY-MAKING","120"
"N1B408E1","RISK, INFORMATION & INSURANCE","120"
"N1B409E1","RISK MANAGEMENT DECISIONS","120"
"N1B410E1","STRATEGIC MANAGEMENT I","90"
"N1B420E1","UNDERSTANDING BUYER BEHAVIOUR","90"
"N1B422E1","FINANCIAL FRAUD AND CORRUPTION","120"
"Q13013E1","SOCIOLINGUISTICS 1","90"
"Q13017E1","BILLINGUALISM 1","90"
"Q31301E1","SELECTED MODERN AUTHORS","120"
"Q32302E1","LIT IN THE MARKET-PLACE, ENG LIT 1700-50","90"
"Q33211E1","MEDIEVAL ENGLISH LIT I","90"
"Q33307E1","VICTORIAN LITERATURE I","120"
"Q33308E1","MODERN LITERATURE I","180"
"Q3A201E1","OLD ENGLISH, ENABLING SKILLS","120"
"Q3A301E1","SELECTED MODERN AUTHORS","120"
"Q3A303E1","LIT IN THE MARKET-PLACE, ENG LIT 1700-50","90"
"Q3A307E1","VICTORIAN LITERATURE I","120"
"Q3A308E1","MODERN LITERATURE I","180"
"Q3B201E1","HISTORY OF ENGLISH I","90"
"Q3B211E1","OLD ENGLISH: MANUSCRIPTS","90"
"Q4A101E1","AMERICAN HISTORY I, 1607-1945","180"
"Q4A106E1","INTRODUCTION TO CANADIAN STUDIES","180"
"Q4A210E1","SELECTED AMERICAN NOVELS","180"
"Q4A219E1","THE AMERICAN 1850S","180"
"Q4B102E1","US-SOVIET RELATIONS 1917-1991","180"
"Q4B104E1","MARK TWAIN","120"
"Q81001E1","THE GREEK WORLD","120"
"Q81003E1","ANCIENT GREEK HISTORY - AN INTRODUCTION","120"
"Q81009E1","ADVANCED LATIN LANGUAGE I","60"
"Q81011E1","ADVANCED GREEK LITERATURE:VERSE","60"
"Q81016E1","GREEK FOR BEGINNERS II","60"
"Q82024E1","INTERMEDIATE GREEK II","90"
"Q82028E1","INTERMEDIATE LATIN II","90"
"Q82031E1","ADVANCED GREEK LANGUAGE III","60"
"Q83108E1","HOMER AND THE ILIAD III","60"
"Q83110E1","HOMER AND THE ILIAD V","60"
"Q83142E1","THE GREEK CITY AFTER ALEXANDER III","120"
"Q83144E1","THE GREEK CITY AFTE ALEXANDER V","60"
"Q83168E1","LIT WIT & SOC CRIT:SDY JUVENAL'S SATIRES","60"
"Q83170E1","LIT WIT & CRIT: SDY JUV'S SATIRES III","60"
"Q83172E1","LIT WIT & CRIT: SDY JUV'S SATIRES V","60"
"Q83184E1","AUGUSTUS III","120"
"Q83186E1","AUGUSTUS V","60"
"Q83198E1","ADVANCED GREEK LANGUAGE V","120"
"Q8A310E1","AN INTRODUCTION TO ANCIENT PHILOSOPHY","120"
"Q8B043E1","A STUDY OF ARISTOPHANES","120"
"Q8B044E1","ARISTOPHANES LYSISTRATA","60"
"Q8B045E1","HERODOTEAN INVESTIGATIONS","120"
"Q8B056E1","GREEK VASE PAINTING","60"
"Q8B063E1","ATHENIAN DEMOCRACY","120"
"Q8B074E1","SELECT POEMS OF CATULLUS, PERSONAL POET","60"
"Q8B075E1","POETRY AND PHILOSOPHY IN LUCRETIUS","120"
"Q8B076E1","LUCRETIUS, LIFE, UNIVERSE, EVERYTHING","120"
"Q8B094E1","THE REP IN CRISIS:ROME & ITALY 200-89 BC","120"
"Q8B096E1","EMPEROR ARMY & COURT","120"
"Q8B341E1","THE TRAGIC BARBARIANS","120"
"Q8P010E1","ETHNICITY IN GREEK DRAMA","120"
"R11001E1","FRENCH LANGUAGE","60"
"R11002E1","THE STATUS OF THE FRENCH LANGUAGE","90"
"R11003E1","INTRODUCTION TO FRENCH LIT. I - DRAMA","120"
"R11004E1","MODERN FRANCE - HISTORY AND POLITICS","60"
"R12001E1","THE FRENCH LANGUAGE II (1)","90"
"R12002E1","THE LINGUISTIC HISTORY OF FRANCE","90"
"R12005E1","EIGHTEENTH CENTURY FRENCH LITERATURE","120"
"R12008E1","RECENT WOMEN'S WRITING","120"
"R12024E1","MEDIEVAL FRENCH LITERATURE","90"
"R12025E1","17TH CENTURY LITERATURE & SOCIETY","120"
"R12026E1","NINETEENTH CENTURY FRENCH POETRY","120"
"R13001E1","TRANSLATION FROM AND INTO FRENCH (1)","90"
"R13003E1","THE FRENCH LANGUAGE & ITS SPEAKERS","90"
"R13005E1","ARTHURIAN LEGEND & ROMANCE","90"
"R13006E1","THE EIGHTEENTH CENTURY FRENCH NOVEL","120"
"R13007E1","NINETEENTH CENTURY NOVEL","120"
"R13009E1","WKY CLASS WRITING IN FRANCE & GERMANY","90"
"R13011E1","HISTORY OF THE FRENCH CINEMA 1895-1933","120"
"R13012E1","POLITICS & CULTURE IN THE 4TH REPUBLIC","90"
"R13014E1","CHRETIEN DE TROYES","90"
"R13015E1","MONTAIGNE","120"
"R13016E1","MOLIERE UP TO LE MISANTHROPE","120"
"R13017E1","JEAN-JACQUES ROUSSEAU:THE THINKER","120"
"R13021E1","BEFORE BEAUVOIR: FIRST WAVE FEMINISM","90"
"R13022E1","BLACK AFRICAN NOVEL","90"
"R13023E1","FAIRY TALE","90"
"R13044E1","MODERN FRENCH POETRY & POETICS","120"
"R13101E1","HISTORY OF FRENCH CINEMA 1895-1939","120"
"R21101E1","GERMAN LANGUAGE I","90"
"R21104E1","ASPECTS OF GERMAN LANG I-","60"
"R21206E1","DEUTSCHLAND HEUTE","90"
"R22101E1","GERMAN LANGUAGE III","90"
"R22102E1","MEDIEVAL GERMAN LANG & LIT I","60"
"R22110E1","EARLY GERMAN CINEMA","90"
"R22112E1","AUSLANDER IN DEUTSCHLAND","90"
"R22203E1","EIGHTEENTH CENTURY DRAMA","90"
"R22204E1","DAS DEUTSCHE LUSTSPIEL","90"
"R22212E1","BRECHT'S MAJOR PLAYS","90"
"R23009E1","WORKING-CLASS WRITING IN FRANCE & GERM","90"
"R23102E1","GERMAN LANGUAGE V","120"
"R23104E1","GERMAN LANGUAGE VII","120"
"R23105E1","DUTCH I","90"
"R23106E1","THE MEDIEVAL GERMAN NOVEL I","90"
"R23107E1","KANT AND SCHILLER","90"
"R23111E1","GERMAN DRAMA 1945 - 70","90"
"R23117E1","WOMEN IN GERMANY: I","90"
"R23209E1","NATIONALSOZIALISTISCHE TEXTE","90"
"R23216E1","INTRODUCTION TO MARXIST CRITICISM","90"
"R42103E1","SPANISH LANGUAGE III","90"
"R42217E1","20C LATIN AMERICAN LITERATURE & FILM","90"
"R43146E1","LATIN AMERICAN POETRY & POETICS","120"
"R43148E1","LITERARY THEORY","120"
"R43149E1","FEDERICO GARCIA LORCA","120"
"R43152E1","UNAMUNO","120"
"R43153E1","GOLDEN AGE DRAMA:REPS OF SEX & GENDER","120"
"R43204E1","SPANISH DISCOURSE ANALYSIS","105"
"R4A101E1","SPANISH LANGUAGE 1","90"
"R4A117E1","TEXTUAL ANALYSIS OF WRITING, PAINT, FILM","90"
"R4A119E1","LIT OF THE GOLDEN AGE I (1500-1600)","90"
"R4A210E1","AN INTRODUCTION TO PORTUGUESE CULTURE","90"
"R4A215E1","NINETEENTH CENTURY SPANISH LIT","90"
"R4B107E1","INTERMEDIATE PORTUGUESE I","90"
"R4B209E1","INTERMEDIATE BRAZILIAN LIT & CULTURE","120"
"R81003E1","EARLY 19 CENTURY RUSSIAN PROSE","90"
"R81015E1","RUSSIAN LANGUAGE INTENSIVE BEGINNERS (I)","120"
"R81022E1","RUSSIAN GRAMMAR","60"
"R82022E1","RUSSIAN COMPOSITION & ORAL (CORE)","60"
"R82025E1","20TH C RUSSIAN LITERATURE","90"
"R82027E1","HISTORY OF THE RUSSIAN LANGUAGE 2","90"
"R82028E1","RUSSIAN THOUGHT (MODERN PERIOD)","90"
"R83036E1","RUSSIAN ESSAY & ORAL (I)","180"
"R83038E1","RUSSIAN TRANSLATION & ORAL (I)","120"
"R83043E1","POST-WAR SOVIET PROSE","120"
"R83044E1","COMPARATIVE SLAVONIC PHILOLOGY (I)","120"
"R83046E1","THE 19TH C RUSSIAN NOVEL - TOLSTOI","90"
"R83051E1","PUSHKIN","60"
"R83052E1","RUSSIAN THEATRE: CHEKHOV","60"
"R83054E1","ADVANCED SERBO-CROAT (I)","60"
"R83056E1","ADVANCED SLOVENE (I)","60"
"R8A011E1","SERBO-CROAT BEGINNERS 1 (I)","60"
"R8A013E1","SLOVENE FOR BEGINNERS 1 (I)","60"
"R8B032E1","SERBO-CROAT BEGINNERS 2 (I)","60"
"V11103E1","THE BIRTH OF EUROPE A.D. 500-900","90"
"V11105E1","EUROPE IN THE HIGH MIDDLE AGES 1200-1350","90"
"V11107E1","THE RISE OF THE WEST: EUR SOC 1500-1789","90"
"V11109E1","INDUSTRIAL & POLITICAL REVOLUT 1750-1871","90"
"V11111E1","THE AGE OF IMPERIALISM & WAR 1871-1945","90"
"V12115E1","BARBARIAN SOCIETIES IN THE WEST 600-900A","90"
"V12116E1","THE ETERNAL CITY:ROME IN MIDDLE AGES","60"
"V12119E1","THE MED WORLD, 1ST CRUSADE - BLACK DEATH","90"
"V12121E1","CONSTIT & COMMUNITY IN ENGLAND 1216-1330","90"
"V12123E1","TUDOR ENGLAND 1485-1603","90"
"V12127E1","AGE OF ENLIGHTEN. POLITE SOC IN 18 C ENG","60"
"V12129E1","RURAL ENGLAND 1750-1914","90"
"V12131E1","PRUSSIA AND AUSTRIA 1740-1848","90"
"V12135E1","REVOLUTION IN 18TH CENTURY FRANCE","90"
"V12139E1","THE AGE OF PROG, THE ECON & SOC HIST OF.","90"
"V12143E1","RUSSIAN STATE & SOCIETY 1855-1917","90"
"V12148E1","RIVAL OF NATS & CONFL OF NATIONS 1871-14","90"
"V13101E1","REGION & THE NATION, E MIDLAND FROM 1700","90"
"V13103E1","POP CULT IN EARLY IND ENG 1780-1850","90"
"V13104E1","IMGE OF FEM PWR IN EARLY MED EUROPE","90"
"V13105E1","RELIGION, CLASS & POLITICS 1791-1867","90"
"V13108E1","THE EXPANSION OF RUSSIA 1801-78","90"
"V13111E1","TRANS TO DEMOC IN BRIT 1830-70, CARLYLE","60"
"V13119E1","ORIGINS & DEV OF RED ARMY BEFORE 1941","120"
"V13125E1","HIST EXPLAN & POLIT IDEOL, LIBER/SOCIALI","90"
"V13152E1","CHRN & COM:URB LIFE IN ELY MED LOMBARDY","90"
"V13155E1","ANGLO-SAXON ENGLAND: BEDE TO ALFRED","120"
"V13159E1","THE REIGN OF RICHARD II:PART I","120"
"V13163E1","THE CAUSES OF THE CIVIL WARS 1629-1640","120"
"V13169E1","THE INDUSTR REVOL, SOC CHANGE & CONFLICT","120"
"V13173E1","EMERG OF WORK CLASS POLIT IN FR 1750-30","120"
"V13177E1","STALINISMI:DOM POLTCS & INTERNAT RELS","120"
"V13181E1","THE COLLAPSE OF TSARISM, 1914 - 1917","120"
"V13185E1","THE CHALLENGE OF FASCISM","180"
"V13197E1","ENGLAND, SCOTLAND & THE UNION 1603-1707","120"
"V13214E1","FRANCE IN THE BELLE EPOQUE. IMAGE & REAL","120"
"V13296E1","RELIGION & SOCIETY IN LATE-MEDIE ENGLAND","90"
"V41103E1","FLOR, ROME, ASSISSI: THE LEG OF ST F (1)","60"
"V41112E1","REALISM & BAROQUE, ITALIAN 17 C PAINTING","60"
"V41124E1","HIGH RENAISS ARCHIT, BRAMANTE, RAPHAEL..","60"
"V41133E1","MODERN PAINTING, REALISM & SYMBOLISM","90"
"V41142E1","INTRODUCTION TO ART HISTORY 2","60"
"V41143E1","ART, CLASSICISM & SOCIETY 1750-1830 (1)","60"
"V42103E1","FLOR, ROME, ASSISI:THE LEGEND OF ST","60"
"V42112E1","REALISM & BAROQUE, ITALIAN 17 C PAINTING","120"
"V42117E1","ROMAN BAROQUE ARCHITECTURE","120"
"V42124E1","HIGH RENAISS ARCHIT, BRAMANTE, RAPHAEL..","120"
"V42133E1","MODERN PAINTING, REALISM & SYMBOLISM","60"
"V42143E1","ART, CLASSICISM & SOCIETY 1750-1830 (2)","60"
"V43103E1","FLO, ROME, ASSISI:THE LEGEND OF ST F (3)","60"
"V43112E1","REALISM & BAROQUE, ITALIAN 17 C PAINTING","120"
"V43117E1","ROMAN BAROQUE ARCHITECTURE","120"
"V43124E1","HIGH RENAISS ARCHIT, BRAMANTE, RAPHAEL..","120"
"V43125E1","ENGLISH BAROQUE ARCHITECTURE","120"
"V43133E1","MODERN PAINTING, REALISM & SYMBOLISM","60"
"V43143E1","ART, CLASSICISM & SOCIETY 1750-1830 (3)","60"
"V43239E1","ART IN FRANCE 1852-1870","60"
"V61110E1","PREHISTORY FROM THE EARLIEST HUMANS TO..","90"
"V61120E1","THE WEST. PROVINCES OF THE ROMAN EMPIRE","90"
"V62200E1","ADVANCED TOPICS IN ARCHAEOL THEORY & MET","90"
"V6A100E1","INTRODUCTION TO ARCHAEOLOGY, I","90"
"V6B302E1","ANTHROPOLOGY FOR ARCHAEOLOGISTS","90"
"V6B306E1","MESOLITHIC ARCHAEOLOGY OF BRITAIN","90"
"V6B307E1","EARLIER NEOLITHIC BRITAIN","90"
"V6B308E1","PREHISTORIC AGRICULTURE","90"
"V6B310E1","PREHISTORIC TECHNOLOGY","90"
"V6B313E1","MIDDLE PLEISTOCENE ARCHAEOL OF GB & EURO","90"
"V6B329E1","EARLY ROMAN BRITAIN","90"
"V6B333E1","THE REGIONAL ARCHAEO OF CELTIC BRIT & IR","90"
"V6B335E1","UNDERSTANDING ANCIENT & EARLY MEDIEV ART","90"
"V6B336E1","THE DEVELOP OF ANCIENT & MEDIEVAL ART","90"
"V71101E1","ELEMENTARY LOGIC I","90"
"V72119E1","HUME'S THEORY OF KNOWLEDGE","90"
"V72121E1","MEANING, MIND & REALITY I, WITTGENSTEIN","90"
"V72AINE1","ANCIENT INDIAN PHILOSOPHY","90"
"V73127E1","PHILOSOPHY OF LAW","180"
"V73128E1","GOD, FREEDOM AND EVIL I","90"
"V73232E1","SARTRE'S EARLY PHILOSOPHY","180"
"V73233E1","INDIAN PHILOSOPHY SEMINAR","180"
"V73MD1E1","PHILOSOPHY OF MIND 1","90"
"V7A101E1","ELEMENTARY LOGIC: I","90"
"V7A105E1","INTRODUCTION TO ETHICS I","90"
"V7A107E1","DESCARTES","90"
"V7A109E1","PLATO","90"
"V7A117E1","FORMAL LOGIC, I","90"
"V7A204E1","INTRODUCTION TO THE THEORY OF KNOWLEDGE","90"
"V7A211E1","INTRODUCTION TO POLITICAL PHILOSOPHY","90"
"V7A214E1","THE ETHICS OF HUME & KANT","90"
"V7A216E1","PHILOSOPHY OF SCIENCE","90"
"V81101E1","INTRO TO THE STUDY OF THE OLD TESTAMENT","90"
"V81103E1","INTRODUCTION TO BIBLICAL HEBREW","90"
"V81105E1","INTRODUCTION TO BIBLICAL GREEK","90"
"V81107E1","19TH CENTURY THEOLOGY","90"
"V81109E1","INTRODUCTION TO THE STUDY OF RELIGION","90"
"V81C17E1","CHRISTOLOGY","120"
"V82110E1","INTRO TO THE PHILOSOPHY OF RELIGION","90"
"V82111E1","TOPICS & TEXTS IN OLD TESTAMENT RELIGION","90"
"V82113E1","THE LIFE & TEACHING OF JESUS","90"
"V82115E1","THE PATRISTIC TRADITION","90"
"V82C01E1","OLD TESTAMENT HISTORIES AND LAW","120"
"V83119E1","GOD, ISRAEL & THE FUTURE","90"
"V83123E1","THEOLOGICAL ANTHROPOLOGY","90"
"V83138E1","HERMENEUTICS: I","90"
"V83143E1","JUDAISM FROM MID AGES TO PSNT DAY I","90"
"W31A12E1","HISTORICAL AND CRITICAL APPROACHES","90"
"W32C10E1","PERFORMANCE: HISTORY AND ANALYSIS","90"
"W32F10E1","INTRO TO NOTATION AND TRANSCRIPTION","90"
"W32H10E1","RENAISSANCE STUDIES: SACRED MUSIC","90"
"W32H14E1","BAROQUE STUDIES: VOCAL & INSTRUMENTAL","90"
"W32H16E1","20TH CENTURY STRY STUDIES: MUSIC 1900-1","90"
